{
  "epoch": 26,
  "step": 285,
  "total_steps": 285,
  "progress_fraction": 1.0,
  "elapsed_seconds": 156.62924108700827,
  "train_batches_per_second": 1.819583610455478,
  "seconds_per_train_batch": 0.5495762845158185,
  "generator_loss_running": 0.0942676592814295,
  "no_data_loss_running": 0.0008433019999708784,
  "train_rmse_physical_running": 17.21167901056386,
  "train_rmse_physical_quantized_u8_running": 17.21401899274242,
  "learning_rate": 0.0001,
  "generator_objective": "full_map_rmse_only"
}