{
  "epoch": 28,
  "step": 260,
  "total_steps": 260,
  "progress_fraction": 1.0,
  "elapsed_seconds": 167.52526836894685,
  "train_batches_per_second": 1.5520046768550328,
  "seconds_per_train_batch": 0.6443279552651802,
  "generator_loss_running": 0.051963282054146895,
  "no_data_loss_running": 0.0008719810092141135,
  "train_rmse_physical_running": 9.58710406218272,
  "train_rmse_physical_quantized_u8_running": 9.59131049931989,
  "learning_rate": 0.0001,
  "generator_objective": "full_map_rmse_only"
}