{
  "try_dir": "C:\\TFG\\TFGpractice\\TFGFiftiethTry50",
  "config": "C:\\TFG\\TFGpractice\\TFGFiftiethTry50\\experiments\\fiftiethtry50_pmnet_prior_gan_fastbatch\\fiftiethtry50_pmnet_prior_stage1_widen112_initial.yaml",
  "dataset": "C:\\TFG\\TFGpractice\\Datasets\\CKM_Dataset_270326.h5",
  "support": {
    "train_valid_pixels": 225478079,
    "train_zero_pixels": 60431740,
    "train_zero_ratio": 0.26801603183784445,
    "val_valid_pixels": 48655972,
    "val_zero_pixels": 12260388,
    "val_zero_ratio": 0.25198115454357795
  },
  "regimes": {
    "density_q1": 0.18555189082131843,
    "density_q2": 0.29275458368760293,
    "height_q1": 11.242444356282553,
    "height_q2": 17.163600585195752,
    "ant_q1": 56.95138931274413,
    "ant_q2": 105.80156962076823
  },
  "results": {
    "raw_prior": {
      "count": 48655972,
      "rmse_db": 54.2721306519705,
      "mae_db": 29.954559309725294
    },
    "global_affine": {
      "count": 48655972,
      "rmse_db": 34.983058437329895,
      "mae_db": 27.535500712039113
    },
    "city_type_affine": {
      "count": 48655972,
      "rmse_db": 34.87267615787885,
      "mae_db": 27.31158686059602
    },
    "city_type_los_affine": {
      "count": 48655972,
      "rmse_db": 24.330043756299403,
      "mae_db": 13.055333125603658
    },
    "city_type_los_ant_affine": {
      "count": 48655972,
      "rmse_db": 24.219017153495457,
      "mae_db": 12.977638387409142
    },
    "city_type_los_ant_quadratic": {
      "count": 48655972,
      "rmse_db": 24.184197037534428,
      "mae_db": 12.837221112272353
    },
    "global_affine_support_scaled": {
      "count": 48655972,
      "rmse_db": 40.589395938606394,
      "mae_db": 36.92557269609144
    },
    "city_type_los_affine_support_scaled": {
      "count": 48655972,
      "rmse_db": 26.390063268532234,
      "mae_db": 10.029523338566396
    },
    "city_type_los_ant_affine_support_scaled": {
      "count": 48655972,
      "rmse_db": 26.294859569745626,
      "mae_db": 9.990639655310376
    },
    "city_type_los_ant_quadratic_support_scaled": {
      "count": 48655972,
      "rmse_db": 26.267555666755367,
      "mae_db": 9.85045903017564
    }
  },
  "best": {
    "name": "city_type_los_ant_quadratic",
    "count": 48655972,
    "rmse_db": 24.184197037534428,
    "mae_db": 12.837221112272353
  }
}