{
  "try_dir": "C:\\TFG\\TFGpractice\\TFGFiftiethTry50",
  "config": "C:\\TFG\\TFGpractice\\TFGFiftiethTry50\\experiments\\fiftiethtry50_pmnet_prior_gan_fastbatch\\fiftiethtry50_pmnet_prior_stage1_widen112_initial.yaml",
  "dataset": "C:\\TFG\\TFGpractice\\Datasets\\CKM_Dataset_270326.h5",
  "support": {
    "train_valid_pixels": 225478079,
    "train_zero_pixels": 60431740,
    "train_zero_ratio": 0.26801603183784445,
    "val_valid_pixels": 48655972,
    "val_zero_pixels": 12260388,
    "val_zero_ratio": 0.25198115454357795
  },
  "regimes": {
    "density_q1": 0.18555189082131843,
    "density_q2": 0.29275458368760293,
    "height_q1": 11.242444356282553,
    "height_q2": 17.163600585195752,
    "ant_q1": 56.95138931274413,
    "ant_q2": 105.80156962076823
  },
  "results": {
    "raw_prior": {
      "count": 48655972,
      "rmse_db": 54.28482727893011,
      "mae_db": 29.962883455852847
    },
    "global_affine": {
      "count": 48655972,
      "rmse_db": 35.046415967058145,
      "mae_db": 27.60122795403238
    },
    "city_type_affine": {
      "count": 48655972,
      "rmse_db": 34.933557532338725,
      "mae_db": 27.37890511133636
    },
    "city_type_los_affine": {
      "count": 48655972,
      "rmse_db": 24.33478145761543,
      "mae_db": 13.058279586944446
    },
    "city_type_los_ant_affine": {
      "count": 48655972,
      "rmse_db": 24.22642241751708,
      "mae_db": 12.983145074699342
    },
    "city_type_los_ant_quadratic": {
      "count": 48655972,
      "rmse_db": 24.192735676531083,
      "mae_db": 12.842157293252864
    },
    "global_affine_support_scaled": {
      "count": 48655972,
      "rmse_db": 40.64406803430507,
      "mae_db": 37.02401801722273
    },
    "city_type_los_affine_support_scaled": {
      "count": 48655972,
      "rmse_db": 26.391872743522335,
      "mae_db": 10.030087358197077
    },
    "city_type_los_ant_affine_support_scaled": {
      "count": 48655972,
      "rmse_db": 26.297726162586695,
      "mae_db": 9.991765319857079
    },
    "city_type_los_ant_quadratic_support_scaled": {
      "count": 48655972,
      "rmse_db": 26.270538448726327,
      "mae_db": 9.851521398058253
    }
  },
  "best": {
    "name": "city_type_los_ant_quadratic",
    "count": 48655972,
    "rmse_db": 24.192735676531083,
    "mae_db": 12.842157293252864
  }
}