{
  "try_dir": "C:\\TFG\\TFGpractice\\TFGFiftiethTry50",
  "config": "C:\\TFG\\TFGpractice\\TFGFiftiethTry50\\experiments\\fiftiethtry50_pmnet_prior_gan_fastbatch\\fiftiethtry50_pmnet_prior_stage1_widen112_initial.yaml",
  "dataset": "C:\\TFG\\TFGpractice\\Datasets\\CKM_Dataset_270326.h5",
  "support": {
    "train_valid_pixels": 22284056,
    "train_zero_pixels": 5930517,
    "train_zero_ratio": 0.2661327453135103,
    "val_valid_pixels": 4784130,
    "val_zero_pixels": 1140463,
    "val_zero_ratio": 0.2383846174748596
  },
  "regimes": {
    "density_q1": 0.15565093153068937,
    "density_q2": 0.30379076225205515,
    "height_q1": 8.377039803398981,
    "height_q2": 14.877010451422796,
    "ant_q1": 59.09285354614258,
    "ant_q2": 114.87122344970703
  },
  "results": {
    "raw_prior": {
      "overall": {
        "count": 4784130,
        "rmse_db": 52.77668844876687,
        "mae_db": 28.602213418827823
      },
      "LoS": {
        "count": 3364365,
        "rmse_db": 4.7071026245780345,
        "mae_db": 3.7939956490788447
      },
      "NLoS": {
        "count": 1419765,
        "rmse_db": 96.60892632086254,
        "mae_db": 87.38933634193236
      }
    },
    "global_affine": {
      "overall": {
        "count": 4784130,
        "rmse_db": 35.43652366169433,
        "mae_db": 28.087767858261035
      },
      "LoS": {
        "count": 3364365,
        "rmse_db": 22.804398289584633,
        "mae_db": 19.29066436245688
      },
      "NLoS": {
        "count": 1419765,
        "rmse_db": 54.76426021624448,
        "mae_db": 48.933941064855894
      }
    },
    "city_type_affine": {
      "overall": {
        "count": 4784130,
        "rmse_db": 34.496711302115976,
        "mae_db": 26.38218565736566
      },
      "LoS": {
        "count": 3364365,
        "rmse_db": 20.23143166543497,
        "mae_db": 16.912545345960908
      },
      "NLoS": {
        "count": 1419765,
        "rmse_db": 55.136632839255725,
        "mae_db": 48.82204466662371
      }
    },
    "city_type_los_affine": {
      "overall": {
        "count": 4784130,
        "rmse_db": 23.439317616197055,
        "mae_db": 12.306525022267572
      },
      "LoS": {
        "count": 3364365,
        "rmse_db": 4.588752065540433,
        "mae_db": 3.68618497234033
      },
      "NLoS": {
        "count": 1419765,
        "rmse_db": 42.442917872086156,
        "mae_db": 32.7338283802694
      }
    },
    "city_type_los_ant_affine": {
      "overall": {
        "count": 4784130,
        "rmse_db": 23.455319011629417,
        "mae_db": 12.206688736872257
      },
      "LoS": {
        "count": 3364365,
        "rmse_db": 4.422016184987493,
        "mae_db": 3.579643986167312
      },
      "NLoS": {
        "count": 1419765,
        "rmse_db": 42.514586083450574,
        "mae_db": 32.64987997817307
      }
    },
    "city_type_los_ant_quadratic": {
      "overall": {
        "count": 4784130,
        "rmse_db": 23.421731802094147,
        "mae_db": 12.056633698418825
      },
      "LoS": {
        "count": 3364365,
        "rmse_db": 4.202824862387518,
        "mae_db": 3.378948993456289
      },
      "NLoS": {
        "count": 1419765,
        "rmse_db": 42.50487529512022,
        "mae_db": 32.619824580298065
      }
    },
    "global_affine_support_scaled": {
      "overall": {
        "count": 4784130,
        "rmse_db": 40.989218991966275,
        "mae_db": 37.1864563243958
      },
      "LoS": {
        "count": 3364365,
        "rmse_db": 38.05926931405398,
        "mae_db": 35.37967735859144
      },
      "NLoS": {
        "count": 1419765,
        "rmse_db": 47.2117492655981,
        "mae_db": 41.467914111627074
      }
    },
    "city_type_los_affine_support_scaled": {
      "overall": {
        "count": 4784130,
        "rmse_db": 25.253789178718048,
        "mae_db": 9.47371444520036
      },
      "LoS": {
        "count": 3364365,
        "rmse_db": 4.588752065540433,
        "mae_db": 3.68618497234033
      },
      "NLoS": {
        "count": 1419765,
        "rmse_db": 45.81613947466332,
        "mae_db": 23.188210573051613
      }
    },
    "city_type_los_ant_affine_support_scaled": {
      "overall": {
        "count": 4784130,
        "rmse_db": 25.126061421239076,
        "mae_db": 9.423487377900747
      },
      "LoS": {
        "count": 3364365,
        "rmse_db": 4.422016184987493,
        "mae_db": 3.579643986167312
      },
      "NLoS": {
        "count": 1419765,
        "rmse_db": 45.61792846838785,
        "mae_db": 23.271428531985578
      }
    },
    "city_type_los_ant_quadratic_support_scaled": {
      "overall": {
        "count": 4784130,
        "rmse_db": 25.099634982444215,
        "mae_db": 9.28057349086455
      },
      "LoS": {
        "count": 3364365,
        "rmse_db": 4.202824862387518,
        "mae_db": 3.378948993456289
      },
      "NLoS": {
        "count": 1419765,
        "rmse_db": 45.618008673726166,
        "mae_db": 23.265436409884913
      }
    }
  },
  "best": {
    "name": "city_type_los_ant_quadratic",
    "overall": {
      "count": 4784130,
      "rmse_db": 23.421731802094147,
      "mae_db": 12.056633698418825
    },
    "LoS": {
      "count": 3364365,
      "rmse_db": 4.202824862387518,
      "mae_db": 3.378948993456289
    },
    "NLoS": {
      "count": 1419765,
      "rmse_db": 42.50487529512022,
      "mae_db": 32.619824580298065
    }
  }
}