{
  "epoch": 29,
  "step": 535,
  "total_steps": 535,
  "progress_fraction": 1.0,
  "elapsed_seconds": 311.55819145499845,
  "train_batches_per_second": 1.7171752008878751,
  "seconds_per_train_batch": 0.582351759728969,
  "generator_loss_running": 0.3020150847454494,
  "train_rmse_physical_running": 19.406465232633003,
  "train_rmse_physical_quantized_u8_running": 19.393602154520153,
  "learning_rate": 0.0004990353354812217,
  "generator_objective": "full_map_rmse_only",
  "loss_components_running": {
    "final_loss": 0.0,
    "residual_loss": 0.0,
    "multiscale_loss": 0.0,
    "gate_loss": 0.0,
    "gan_loss": 0.0,
    "nlos_focus_loss": 0.0,
    "term_final": 0.0,
    "term_residual": 0.0,
    "term_multiscale": 0.002850607676944526,
    "term_gate": 0.0,
    "term_gan": 0.0,
    "term_nlos_focus": 0.0,
    "generator_loss_total": 0.3020150847454494,
    "main_map_regression_loss": 0.2991644771021103
  }
}