{
  "checkpoint": "C:\\TFG\\TFGpractice\\cluster_outputs\\TFGSeventyFifthTry75\\try75_expert_allcity_los_small\\best_model.pt",
  "config": "C:\\TFG\\TFGpractice\\TFGSeventyFifthTry75\\experiments\\seventyfifth_try75_experts\\try75_expert_allcity_los.yaml",
  "try_root": "C:\\TFG\\TFGpractice\\TFGSeventyFifthTry75",
  "device": "directml",
  "split": "val",
  "sample_count": 2750,
  "metrics": {
    "ground": {
      "rmse_db": 4.788695339066737,
      "mae_db": 3.6044535938746973,
      "count": 413884130
    },
    "los": {
      "rmse_db": 3.795612580367987,
      "mae_db": 3.027540622486715,
      "count": 382752235
    },
    "nlos": {
      "rmse_db": 11.302285083918672,
      "mae_db": 10.697331467169631,
      "count": 31131895
    }
  },
  "metrics_by_city_type_3": {
    "dense_highrise": {
      "ground": {
        "rmse_db": 5.549596542091599,
        "mae_db": 4.040205983621359,
        "count": 69769297
      },
      "los": {
        "rmse_db": 3.6473534366459486,
        "mae_db": 2.775862655274026,
        "count": 57978204
      },
      "nlos": {
        "rmse_db": 10.8084319284142,
        "mae_db": 10.257132219124774,
        "count": 11791093
      }
    },
    "mixed_midrise": {
      "ground": {
        "rmse_db": 5.111936846550724,
        "mae_db": 3.7460876948760404,
        "count": 121388902
      },
      "los": {
        "rmse_db": 3.7489641121664348,
        "mae_db": 2.942079517675702,
        "count": 109274721
      },
      "nlos": {
        "rmse_db": 11.622079547942718,
        "mae_db": 10.998560581428217,
        "count": 12114181
      }
    },
    "open_lowrise": {
      "ground": {
        "rmse_db": 4.327034247993094,
        "mae_db": 3.3907607127121318,
        "count": 222725931
      },
      "los": {
        "rmse_db": 3.8577222199681116,
        "mae_db": 3.138587729365794,
        "count": 215499310
      },
      "nlos": {
        "rmse_db": 11.544207662472006,
        "mae_db": 10.910610433871884,
        "count": 7226621
      }
    }
  }
}