{
  "epoch": 22,
  "step": 853,
  "total_steps": 853,
  "progress_fraction": 1.0,
  "elapsed_seconds": 518.8447716730007,
  "train_batches_per_second": 1.6440369963631416,
  "seconds_per_train_batch": 0.6082588179050418,
  "generator_loss_running": 0.30370957750154515,
  "train_rmse_physical_running": 20.618432586100987,
  "train_rmse_physical_quantized_u8_running": 20.620392102600963,
  "learning_rate": 0.0007998401112260553,
  "generator_objective": "full_map_rmse_only",
  "loss_components_running": {
    "final_loss": 0.0,
    "residual_loss": 0.0,
    "multiscale_loss": 0.0,
    "gate_loss": 0.0,
    "gan_loss": 0.0,
    "nlos_focus_loss": 0.0,
    "term_final": 0.0,
    "term_residual": 0.0,
    "term_multiscale": 0.13084956064628128,
    "term_gate": 0.0,
    "term_gan": 0.0,
    "term_nlos_focus": 0.0,
    "generator_loss_total": 0.30370957750154515,
    "main_map_regression_loss": 0.1728600166587362
  }
}