idx,city,sample,antenna_height_m,overall_rmse_db,los_rmse_db,nlos_rmse_db,los_fraction,los_mean_db,nlos_mean_db,valid_pixels
0,Dhaka,sample_05008,47.17300033569336,3.806760632711983,3.806760632711983,nan,1.0,94.41242980957031,nan,118450
1,Dhaka,sample_05015,54.09605407714844,3.7527230974257915,3.7527230974257915,nan,1.0,93.80679321289062,nan,58859
2,Dhaka,sample_05022,46.47408676147461,3.8167627614419066,3.8167627614419066,nan,1.0,94.45852661132812,nan,201230
3,Dhaka,sample_05067,47.44892501831055,3.8345987482675805,3.8345987482675805,nan,1.0,94.0132827758789,nan,141291
4,Dhaka,sample_05070,51.70491409301758,3.883631686392409,3.883631686392409,nan,1.0,94.20560455322266,nan,146413
5,Dhaka,sample_05077,54.02645492553711,3.7675071642358047,3.7675071642358047,nan,1.0,95.54532623291016,nan,66628
