idx,city,sample,city_type,antenna_height_m,valid_pixels,overall_rmse_db,overall_mae_db,los_rmse_db,nlos_rmse_db,los_fraction
0,Dhaka,sample_05008,open_lowrise,47.17300033569336,112950,46.19569436597796,39.47119079238601,nan,46.19569396972656,0.0
1,Dhaka,sample_05015,mixed_midrise,54.09605407714844,139178,45.44479749788518,36.72980284240325,nan,45.44479751586914,0.0
2,Dhaka,sample_05022,mixed_midrise,46.47408676147461,29863,33.23844400686231,21.73845142818873,nan,33.238441467285156,0.0
3,Dhaka,sample_05067,open_lowrise,47.44892501831055,84207,55.01683223723769,48.320317788307385,nan,55.01683044433594,0.0
4,Dhaka,sample_05070,open_lowrise,51.70491409301758,79085,55.43232353289161,48.318884744262505,nan,55.43232345581055,0.0
