idx,city,sample,antenna_height_m,overall_rmse_db,los_rmse_db,nlos_rmse_db,los_fraction,los_mean_db,nlos_mean_db,valid_pixels
0,Dhaka,sample_05008,47.17300033569336,46.19569740322151,nan,46.19569740322151,0.0,nan,28.246313095092773,112950
1,Dhaka,sample_05015,54.09605407714844,45.44480068242042,nan,45.44480068242042,0.0,nan,28.317218780517578,139178
2,Dhaka,sample_05022,46.47408676147461,33.23844399923559,nan,33.23844399923559,0.0,nan,12.710209846496582,29863
3,Dhaka,sample_05067,47.44892501831055,55.01683361914165,nan,55.01683361914165,0.0,nan,47.80058670043945,84207
4,Dhaka,sample_05070,51.70491409301758,55.43232549947156,nan,55.43232549947156,0.0,nan,47.017398834228516,79085
5,Dhaka,sample_05077,54.02645492553711,55.27241350775299,nan,55.27241350775299,0.0,nan,48.22160339355469,103802
6,Dhaka,sample_05081,45.85187530517578,6.047760450539821,nan,6.047760450539821,0.0,nan,0.06783589720726013,139351
7,Dhaka,sample_05087,45.19940948486328,47.43217763132172,nan,47.43217763132172,0.0,nan,35.97829818725586,91427
