{
  "epoch": 86,
  "step": 275,
  "total_steps": 780,
  "progress_fraction": 0.3525641025641026,
  "elapsed_seconds": 117.97910873500223,
  "train_batches_per_second": 2.3309211516226056,
  "seconds_per_train_batch": 0.42901494085455355,
  "generator_loss_running": 0.005045668670632453,
  "train_rmse_physical_running": 10.502336735987512,
  "train_rmse_physical_quantized_u8_running": 10.506467517539257,
  "learning_rate": 0.00047058406555390564,
  "generator_objective": "full_map_rmse_only",
  "loss_components_running": {
    "final_loss": 0.0,
    "residual_loss": 0.0,
    "multiscale_loss": 0.0,
    "gate_loss": 0.0,
    "gan_loss": 0.0,
    "nlos_focus_loss": 0.0,
    "term_final": 0.0,
    "term_residual": 0.0,
    "term_multiscale": 0.0007400646799942479,
    "term_gate": 0.0,
    "term_gan": 0.0,
    "term_nlos_focus": 0.0,
    "generator_loss_total": 0.005045668670632453
  }
}