{
  "epoch": 102,
  "step": 50,
  "total_steps": 390,
  "progress_fraction": 0.1282051282051282,
  "elapsed_seconds": 23.879021617001854,
  "train_batches_per_second": 2.0938881333563524,
  "seconds_per_train_batch": 0.47758043234003705,
  "generator_loss_running": 0.0012155513605102896,
  "train_rmse_physical_running": 9.808270744065473,
  "train_rmse_physical_quantized_u8_running": 9.813206065481491,
  "learning_rate": 0.00047654168306159565,
  "generator_objective": "full_map_rmse_only",
  "loss_components_running": {
    "final_loss": 0.0,
    "residual_loss": 0.0,
    "multiscale_loss": 0.0,
    "gate_loss": 0.0,
    "gan_loss": 0.0,
    "nlos_focus_loss": 0.0,
    "term_final": 0.0,
    "term_residual": 0.0,
    "term_multiscale": 0.000607244773345883,
    "term_gate": 0.0,
    "term_gan": 0.0,
    "term_nlos_focus": 0.0,
    "generator_loss_total": 0.0012155513605102896
  }
}