{
  "epoch": 103,
  "step": 1,
  "total_steps": 390,
  "progress_fraction": 0.002564102564102564,
  "elapsed_seconds": 3.017009869989124,
  "train_batches_per_second": 0.33145400349770976,
  "seconds_per_train_batch": 3.017009869989124,
  "generator_loss_running": 0.008215070702135563,
  "train_rmse_physical_running": 6.015223287312914,
  "train_rmse_physical_quantized_u8_running": 6.027906865409854,
  "learning_rate": 0.001619284402335179,
  "generator_objective": "full_map_rmse_only",
  "loss_components_running": {
    "final_loss": 0.0,
    "residual_loss": 0.0,
    "multiscale_loss": 0.0,
    "gate_loss": 0.0,
    "gan_loss": 0.0,
    "nlos_focus_loss": 0.04275262728333473,
    "term_final": 0.0,
    "term_residual": 0.0,
    "term_multiscale": 0.00027347137802280486,
    "term_gate": 0.0,
    "term_gan": 0.0,
    "term_nlos_focus": 0.00641289446502924,
    "generator_loss_total": 0.008215070702135563
  }
}