{
  "epoch": 164,
  "step": 150,
  "total_steps": 390,
  "progress_fraction": 0.38461538461538464,
  "elapsed_seconds": 127.12356797698885,
  "train_batches_per_second": 1.1799542947626525,
  "seconds_per_train_batch": 0.8474904531799257,
  "generator_loss_running": 0.000983243302422731,
  "train_rmse_physical_running": 8.31412615484296,
  "train_rmse_physical_quantized_u8_running": 8.318915457371899,
  "learning_rate": 0.004834669158767898,
  "generator_objective": "full_map_rmse_only",
  "loss_components_running": {
    "final_loss": 0.0,
    "residual_loss": 0.0,
    "multiscale_loss": 0.0,
    "gate_loss": 0.0,
    "gan_loss": 0.0,
    "nlos_focus_loss": 0.0,
    "term_final": 0.0,
    "term_residual": 0.0,
    "term_multiscale": 0.0004045062184256191,
    "term_gate": 0.0,
    "term_gan": 0.0,
    "term_nlos_focus": 0.0,
    "generator_loss_total": 0.000983243302422731
  }
}