{
  "epoch": 15,
  "step": 50,
  "total_steps": 179,
  "progress_fraction": 0.27932960893854747,
  "elapsed_seconds": 33.11849271302344,
  "train_batches_per_second": 1.5097305433933021,
  "seconds_per_train_batch": 0.6623698542604689,
  "generator_loss_running": 0.09725856736302375,
  "no_data_loss_running": 0.00805949275381863,
  "train_rmse_physical_running": 17.55333708775105,
  "train_rmse_physical_quantized_u8_running": 17.555691233694546,
  "learning_rate": 0.0002,
  "generator_objective": "full_map_rmse_only"
}