{
  "epoch": 45,
  "step": 179,
  "total_steps": 179,
  "progress_fraction": 1.0,
  "elapsed_seconds": 123.41597961599473,
  "train_batches_per_second": 1.4503794448413678,
  "seconds_per_train_batch": 0.6894747464580712,
  "generator_loss_running": 0.07351997394801518,
  "no_data_loss_running": 0.0007770161226381386,
  "train_rmse_physical_running": 13.448334662220816,
  "train_rmse_physical_quantized_u8_running": 13.45127635147855,
  "learning_rate": 0.0001,
  "generator_objective": "full_map_rmse_only"
}