{
  "epoch": 128,
  "step": 100,
  "total_steps": 179,
  "progress_fraction": 0.5586592178770949,
  "elapsed_seconds": 57.08627236797474,
  "train_batches_per_second": 1.7517346264160656,
  "seconds_per_train_batch": 0.5708627236797474,
  "generator_loss_running": 0.08267316967248917,
  "no_data_loss_running": 0.0008021039317827671,
  "train_rmse_physical_running": 15.09954221125707,
  "train_rmse_physical_quantized_u8_running": 15.102406886641615,
  "learning_rate": 0.0008,
  "generator_objective": "full_map_rmse_only"
}