{
  "epoch": 2,
  "step": 275,
  "total_steps": 1137,
  "progress_fraction": 0.2418645558487247,
  "elapsed_seconds": 199.29748547100462,
  "train_batches_per_second": 1.3798468121666752,
  "seconds_per_train_batch": 0.7247181289854714,
  "generator_loss_running": 6.391887082930129,
  "train_rmse_physical_running": 42.577189613638154,
  "train_rmse_physical_quantized_u8_running": 42.5145806119217,
  "learning_rate": 0.001,
  "generator_objective": "full_map_rmse_only",
  "loss_components_running": {
    "final_loss": 0.0,
    "residual_loss": 0.0,
    "multiscale_loss": 0.0,
    "gate_loss": 0.0,
    "gan_loss": 0.0,
    "nlos_focus_loss": 0.0,
    "term_final": 0.0,
    "term_residual": 0.0,
    "term_multiscale": 0.5792239888757468,
    "term_gate": 0.0,
    "term_gan": 0.0,
    "term_nlos_focus": 0.0,
    "generator_loss_total": 6.391887082930129,
    "main_map_regression_loss": 5.812663094223714
  }
}