{
  "epoch": 18,
  "step": 1025,
  "total_steps": 1137,
  "progress_fraction": 0.9014951627088831,
  "elapsed_seconds": 729.8007262949977,
  "train_batches_per_second": 1.4044929842748304,
  "seconds_per_train_batch": 0.7120007085804856,
  "generator_loss_running": 5.998357705613575,
  "train_rmse_physical_running": 40.259322408659415,
  "train_rmse_physical_quantized_u8_running": 40.17834866577301,
  "learning_rate": 0.001,
  "generator_objective": "full_map_rmse_only",
  "loss_components_running": {
    "final_loss": 0.0,
    "residual_loss": 0.0,
    "multiscale_loss": 0.0,
    "gate_loss": 0.0,
    "gan_loss": 0.0,
    "nlos_focus_loss": 0.0,
    "term_final": 0.0,
    "term_residual": 0.0,
    "term_multiscale": 0.5143777925384844,
    "term_gate": 0.0,
    "term_gan": 0.0,
    "term_nlos_focus": 0.0,
    "generator_loss_total": 5.998357705613575,
    "main_map_regression_loss": 5.483979906695758
  }
}