{
  "losses": {
    "total": 72.70237263315374,
    "map_nll": 2.278470281384208,
    "dist_kl": 5.735077177307822,
    "moment_match": 543.3433467048299,
    "anchor": 1.640917701287703,
    "prior_guard": 12.606159891040488,
    "outlier_budget": 0.0,
    "rmse": 30.111573492418636,
    "mae": 12.685063040603291
  },
  "metrics": {
    "n_samples": 2750,
    "model": {
      "aggregate": {
        "path_loss": {
          "overall": {
            "rmse_pw": 1.8914720204936584,
            "mae_pw": 1.211375562498823,
            "n_pixels": 413884130
          },
          "los": {
            "rmse_pw": 1.7455646894540142,
            "mae_pw": 1.1351019785145608,
            "n_pixels": 382752235
          },
          "nlos": {
            "rmse_pw": 3.178366287218875,
            "mae_pw": 2.1491239571494543,
            "n_pixels": 31131895
          }
        },
        "delay_spread": {
          "overall": {
            "rmse_pw": 23.02797063336579,
            "mae_pw": 6.366515513943828,
            "n_pixels": 538650555
          },
          "los": {
            "rmse_pw": 22.367216091555054,
            "mae_pw": 7.797415392315001,
            "n_pixels": 382752235
          },
          "nlos": {
            "rmse_pw": 24.57497811700191,
            "mae_pw": 2.8534556166703116,
            "n_pixels": 155898320
          }
        },
        "angular_spread": {
          "overall": {
            "rmse_pw": 13.452877733215699,
            "mae_pw": 5.058162852191401,
            "n_pixels": 538650555
          },
          "los": {
            "rmse_pw": 15.06464213932195,
            "mae_pw": 6.54897632614551,
            "n_pixels": 382752235
          },
          "nlos": {
            "rmse_pw": 8.254273119996304,
            "mae_pw": 1.3980067549298476,
            "n_pixels": 155898320
          }
        }
      },
      "macro_experts": {
        "dense|high_ant": {
          "path_loss": {
            "rmse_pw": 2.0685423200210877,
            "mae_pw": 1.3831182617650783,
            "n_pixels": 41346835
          },
          "delay_spread": {
            "rmse_pw": 9.507695984630994,
            "mae_pw": 2.0590348395690925,
            "n_pixels": 56062779
          },
          "angular_spread": {
            "rmse_pw": 13.395681115044974,
            "mae_pw": 4.5243400469298,
            "n_pixels": 56062779
          }
        },
        "dense|low_ant": {
          "path_loss": {
            "rmse_pw": 2.6077178371988303,
            "mae_pw": 1.7386023695092718,
            "n_pixels": 25095727
          },
          "delay_spread": {
            "rmse_pw": 25.17039715028632,
            "mae_pw": 6.63161304783274,
            "n_pixels": 53941675
          },
          "angular_spread": {
            "rmse_pw": 15.479835095464384,
            "mae_pw": 6.0322343822343765,
            "n_pixels": 53941675
          }
        },
        "dense|mid_ant": {
          "path_loss": {
            "rmse_pw": 2.341115219285691,
            "mae_pw": 1.5455001944942326,
            "n_pixels": 32160417
          },
          "delay_spread": {
            "rmse_pw": 19.56424873359782,
            "mae_pw": 5.232228009060876,
            "n_pixels": 54520611
          },
          "angular_spread": {
            "rmse_pw": 15.872332088827921,
            "mae_pw": 6.600604763074716,
            "n_pixels": 54520611
          }
        },
        "mixed|high_ant": {
          "path_loss": {
            "rmse_pw": 1.6973140400869233,
            "mae_pw": 1.1329074956453735,
            "n_pixels": 71258694
          },
          "delay_spread": {
            "rmse_pw": 9.591715255163786,
            "mae_pw": 2.047564015717241,
            "n_pixels": 81642289
          },
          "angular_spread": {
            "rmse_pw": 10.727282995275958,
            "mae_pw": 3.2221424069324844,
            "n_pixels": 81642289
          }
        },
        "mixed|low_ant": {
          "path_loss": {
            "rmse_pw": 2.262488489530622,
            "mae_pw": 1.4281665829855947,
            "n_pixels": 52966976
          },
          "delay_spread": {
            "rmse_pw": 38.41646840335703,
            "mae_pw": 14.17493622676384,
            "n_pixels": 75721420
          },
          "angular_spread": {
            "rmse_pw": 16.66819978401031,
            "mae_pw": 7.831091087320471,
            "n_pixels": 75721420
          }
        },
        "mixed|mid_ant": {
          "path_loss": {
            "rmse_pw": 1.9318526658079658,
            "mae_pw": 1.2339629763140967,
            "n_pixels": 59595785
          },
          "delay_spread": {
            "rmse_pw": 22.676796873311623,
            "mae_pw": 7.5500234645021065,
            "n_pixels": 75062721
          },
          "angular_spread": {
            "rmse_pw": 14.645945594614155,
            "mae_pw": 6.369440179150313,
            "n_pixels": 75062721
          }
        },
        "open|high_ant": {
          "path_loss": {
            "rmse_pw": 1.3499832660853908,
            "mae_pw": 0.9572483155996654,
            "n_pixels": 47464518
          },
          "delay_spread": {
            "rmse_pw": 6.366721238974433,
            "mae_pw": 1.3110750281581047,
            "n_pixels": 49352132
          },
          "angular_spread": {
            "rmse_pw": 6.340495065487157,
            "mae_pw": 1.2009789443468217,
            "n_pixels": 49352132
          }
        },
        "open|low_ant": {
          "path_loss": {
            "rmse_pw": 1.4905812626377304,
            "mae_pw": 0.9033530618156975,
            "n_pixels": 41162716
          },
          "delay_spread": {
            "rmse_pw": 33.25559549491214,
            "mae_pw": 12.372450960357574,
            "n_pixels": 46097986
          },
          "angular_spread": {
            "rmse_pw": 13.051510495431218,
            "mae_pw": 5.415422298424816,
            "n_pixels": 46097986
          }
        },
        "open|mid_ant": {
          "path_loss": {
            "rmse_pw": 1.3675890116278069,
            "mae_pw": 0.8944658777436142,
            "n_pixels": 42832462
          },
          "delay_spread": {
            "rmse_pw": 17.818586023409214,
            "mae_pw": 4.943215342228802,
            "n_pixels": 46248942
          },
          "angular_spread": {
            "rmse_pw": 9.74642780237054,
            "mae_pw": 3.083626379395068,
            "n_pixels": 46248942
          }
        }
      },
      "flat": {
        "path_loss_rmse_overall_pw": 1.8914720204936584,
        "path_loss_rmse_los_pw": 1.7455646894540142,
        "path_loss_rmse_nlos_pw": 3.178366287218875,
        "path_loss_mae_overall_pw": 1.211375562498823,
        "delay_spread_rmse_overall_pw": 23.02797063336579,
        "delay_spread_rmse_los_pw": 22.367216091555054,
        "delay_spread_rmse_nlos_pw": 24.57497811700191,
        "delay_spread_mae_overall_pw": 6.366515513943828,
        "angular_spread_rmse_overall_pw": 13.452877733215699,
        "angular_spread_rmse_los_pw": 15.06464213932195,
        "angular_spread_rmse_nlos_pw": 8.254273119996304,
        "angular_spread_mae_overall_pw": 5.058162852191401,
        "dense_high_ant_path_loss_rmse_pw": 2.0685423200210877,
        "dense_high_ant_delay_spread_rmse_pw": 9.507695984630994,
        "dense_high_ant_angular_spread_rmse_pw": 13.395681115044974,
        "dense_low_ant_path_loss_rmse_pw": 2.6077178371988303,
        "dense_low_ant_delay_spread_rmse_pw": 25.17039715028632,
        "dense_low_ant_angular_spread_rmse_pw": 15.479835095464384,
        "dense_mid_ant_path_loss_rmse_pw": 2.341115219285691,
        "dense_mid_ant_delay_spread_rmse_pw": 19.56424873359782,
        "dense_mid_ant_angular_spread_rmse_pw": 15.872332088827921,
        "mixed_high_ant_path_loss_rmse_pw": 1.6973140400869233,
        "mixed_high_ant_delay_spread_rmse_pw": 9.591715255163786,
        "mixed_high_ant_angular_spread_rmse_pw": 10.727282995275958,