{
  "losses": {
    "total": 54.93970228292725,
    "map_nll": 1.647590896755457,
    "dist_kl": 3.621599788795818,
    "moment_match": 294.94989625712424,
    "anchor": 1.678573208917271,
    "prior_guard": 96.3642167132762,
    "outlier_budget": 0.0,
    "rmse": 29.609014284563337,
    "mae": 13.277649731820619
  },
  "metrics": {
    "n_samples": 2750,
    "model": {
      "aggregate": {
        "path_loss": {
          "overall": {
            "rmse_pw": 1.748375488731097,
            "mae_pw": 1.0405649955392275,
            "n_pixels": 413884130
          },
          "los": {
            "rmse_pw": 1.5760227945912104,
            "mae_pw": 0.9504150977051025,
            "n_pixels": 382752235
          },
          "nlos": {
            "rmse_pw": 3.178239366157046,
            "mae_pw": 2.148916252642013,
            "n_pixels": 31131895
          }
        },
        "delay_spread": {
          "overall": {
            "rmse_pw": 22.942062387489976,
            "mae_pw": 6.860844633661638,
            "n_pixels": 538650555
          },
          "los": {
            "rmse_pw": 22.25788715802563,
            "mae_pw": 8.717584968424395,
            "n_pixels": 382752235
          },
          "nlos": {
            "rmse_pw": 24.541040577589495,
            "mae_pw": 2.302286718986822,
            "n_pixels": 155898320
          }
        },
        "angular_spread": {
          "overall": {
            "rmse_pw": 12.523079050688393,
            "mae_pw": 5.333080349009756,
            "n_pixels": 538650555
          },
          "los": {
            "rmse_pw": 13.89666186242361,
            "mae_pw": 7.111929969377702,
            "n_pixels": 382752235
          },
          "nlos": {
            "rmse_pw": 8.229896814632317,
            "mae_pw": 0.9657551076942699,
            "n_pixels": 155898320
          }
        }
      },
      "macro_experts": {
        "dense|high_ant": {
          "path_loss": {
            "rmse_pw": 1.839146381039207,
            "mae_pw": 1.1490250433656228,
            "n_pixels": 41346835
          },
          "delay_spread": {
            "rmse_pw": 9.735680356738856,
            "mae_pw": 1.9595127356997188,
            "n_pixels": 56062779
          },
          "angular_spread": {
            "rmse_pw": 12.348440498375439,
            "mae_pw": 4.95522425097987,
            "n_pixels": 56062779
          }
        },
        "dense|low_ant": {
          "path_loss": {
            "rmse_pw": 2.5390310835438066,
            "mae_pw": 1.6844624279228952,
            "n_pixels": 25095727
          },
          "delay_spread": {
            "rmse_pw": 25.155735908572765,
            "mae_pw": 7.493650624131648,
            "n_pixels": 53941675
          },
          "angular_spread": {
            "rmse_pw": 14.423597028789866,
            "mae_pw": 6.0586258402917705,
            "n_pixels": 53941675
          }
        },
        "dense|mid_ant": {
          "path_loss": {
            "rmse_pw": 2.2130621534241146,
            "mae_pw": 1.4338415176376793,
            "n_pixels": 32160417
          },
          "delay_spread": {
            "rmse_pw": 19.56371015169414,
            "mae_pw": 5.696962093897389,
            "n_pixels": 54520611
          },
          "angular_spread": {
            "rmse_pw": 14.641868441138275,
            "mae_pw": 6.808770305541823,
            "n_pixels": 54520611
          }
        },
        "mixed|high_ant": {
          "path_loss": {
            "rmse_pw": 1.4823362863743135,
            "mae_pw": 0.8925356592935523,
            "n_pixels": 71258694
          },
          "delay_spread": {
            "rmse_pw": 9.861006771626165,
            "mae_pw": 1.8614527992770695,
            "n_pixels": 81642289
          },
          "angular_spread": {
            "rmse_pw": 9.935477935874795,
            "mae_pw": 3.68693359192731,
            "n_pixels": 81642289
          }
        },
        "mixed|low_ant": {
          "path_loss": {
            "rmse_pw": 2.2060822213851776,
            "mae_pw": 1.353434448239975,
            "n_pixels": 52966976
          },
          "delay_spread": {
            "rmse_pw": 37.84613290903517,
            "mae_pw": 15.498006877958046,
            "n_pixels": 75721420
          },
          "angular_spread": {
            "rmse_pw": 15.660472535824837,
            "mae_pw": 7.996054496534798,
            "n_pixels": 75721420
          }
        },
        "mixed|mid_ant": {
          "path_loss": {
            "rmse_pw": 1.790078827567191,
            "mae_pw": 1.0610066145774824,
            "n_pixels": 59595785
          },
          "delay_spread": {
            "rmse_pw": 22.86727141487454,
            "mae_pw": 8.02905725489471,
            "n_pixels": 75062721
          },
          "angular_spread": {
            "rmse_pw": 13.616457352250917,
            "mae_pw": 6.6913293505074245,
            "n_pixels": 75062721
          }
        },
        "open|high_ant": {
          "path_loss": {
            "rmse_pw": 1.1389499772465577,
            "mae_pw": 0.7329451185712557,
            "n_pixels": 47464518
          },
          "delay_spread": {
            "rmse_pw": 6.561162254157363,
            "mae_pw": 1.1441542879102466,
            "n_pixels": 49352132
          },
          "angular_spread": {
            "rmse_pw": 5.874699156870772,
            "mae_pw": 1.4161926394999764,
            "n_pixels": 49352132
          }
        },
        "open|low_ant": {
          "path_loss": {
            "rmse_pw": 1.3855113020295196,
            "mae_pw": 0.7723846775562623,
            "n_pixels": 41162716
          },
          "delay_spread": {
            "rmse_pw": 33.12225406415472,
            "mae_pw": 14.090192782500303,
            "n_pixels": 46097986
          },
          "angular_spread": {
            "rmse_pw": 12.303671584432093,
            "mae_pw": 5.741992938388621,
            "n_pixels": 46097986
          }
        },
        "open|mid_ant": {
          "path_loss": {
            "rmse_pw": 1.184593465296661,
            "mae_pw": 0.6928605529303336,
            "n_pixels": 42832462
          },
          "delay_spread": {
            "rmse_pw": 17.91924851791137,
            "mae_pw": 5.118753126355301,
            "n_pixels": 46248942
          },
          "angular_spread": {
            "rmse_pw": 9.049436420920317,
            "mae_pw": 3.3188690348851657,
            "n_pixels": 46248942
          }
        }
      },
      "flat": {
        "path_loss_rmse_overall_pw": 1.748375488731097,
        "path_loss_rmse_los_pw": 1.5760227945912104,
        "path_loss_rmse_nlos_pw": 3.178239366157046,
        "path_loss_mae_overall_pw": 1.0405649955392275,
        "delay_spread_rmse_overall_pw": 22.942062387489976,
        "delay_spread_rmse_los_pw": 22.25788715802563,
        "delay_spread_rmse_nlos_pw": 24.541040577589495,
        "delay_spread_mae_overall_pw": 6.860844633661638,
        "angular_spread_rmse_overall_pw": 12.523079050688393,
        "angular_spread_rmse_los_pw": 13.89666186242361,
        "angular_spread_rmse_nlos_pw": 8.229896814632317,
        "angular_spread_mae_overall_pw": 5.333080349009756,
        "dense_high_ant_path_loss_rmse_pw": 1.839146381039207,
        "dense_high_ant_delay_spread_rmse_pw": 9.735680356738856,
        "dense_high_ant_angular_spread_rmse_pw": 12.348440498375439,
        "dense_low_ant_path_loss_rmse_pw": 2.5390310835438066,
        "dense_low_ant_delay_spread_rmse_pw": 25.155735908572765,
        "dense_low_ant_angular_spread_rmse_pw": 14.423597028789866,
        "dense_mid_ant_path_loss_rmse_pw": 2.2130621534241146,
        "dense_mid_ant_delay_spread_rmse_pw": 19.56371015169414,
        "dense_mid_ant_angular_spread_rmse_pw": 14.641868441138275,
        "mixed_high_ant_path_loss_rmse_pw": 1.4823362863743135,
        "mixed_high_ant_delay_spread_rmse_pw": 9.861006771626165,
        "mixed_high_ant_angular_spread_rmse_pw": 9.935477935874795,