{
  "losses": {
    "total": 55.189390227144415,
    "map_nll": 1.7256300037963823,
    "dist_kl": 3.6514701528982685,
    "moment_match": 287.95173007928827,
    "anchor": 1.732390481038527,
    "prior_guard": 104.03412747226909,
    "outlier_budget": 0.0,
    "rmse": 29.78686082048443,
    "mae": 13.509421595733274
  },
  "metrics": {
    "n_samples": 2750,
    "model": {
      "aggregate": {
        "path_loss": {
          "overall": {
            "rmse_pw": 1.7550617879086416,
            "mae_pw": 1.0540428366873318,
            "n_pixels": 413884130
          },
          "los": {
            "rmse_pw": 1.5840282984269198,
            "mae_pw": 0.9649896052558106,
            "n_pixels": 382752235
          },
          "nlos": {
            "rmse_pw": 3.178302307436491,
            "mae_pw": 2.1489110812201506,
            "n_pixels": 31131895
          }
        },
        "delay_spread": {
          "overall": {
            "rmse_pw": 23.09848418395093,
            "mae_pw": 7.02757171090309,
            "n_pixels": 538650555
          },
          "los": {
            "rmse_pw": 22.484551777922157,
            "mae_pw": 8.951295917468672,
            "n_pixels": 382752235
          },
          "nlos": {
            "rmse_pw": 24.54071795909858,
            "mae_pw": 2.3045590432862446,
            "n_pixels": 155898320
          }
        },
        "angular_spread": {
          "overall": {
            "rmse_pw": 12.542712055920154,
            "mae_pw": 5.404259817511055,
            "n_pixels": 538650555
          },
          "los": {
            "rmse_pw": 13.92161279053831,
            "mae_pw": 7.211842945858818,
            "n_pixels": 382752235
          },
          "nlos": {
            "rmse_pw": 8.229668399152818,
            "mae_pw": 0.9663897648338092,
            "n_pixels": 155898320
          }
        }
      },
      "macro_experts": {
        "dense|high_ant": {
          "path_loss": {
            "rmse_pw": 1.8424039215825854,
            "mae_pw": 1.166270565396662,
            "n_pixels": 41346835
          },
          "delay_spread": {
            "rmse_pw": 9.807687515989716,
            "mae_pw": 1.9480388038793528,
            "n_pixels": 56062779
          },
          "angular_spread": {
            "rmse_pw": 12.405473959223649,
            "mae_pw": 5.271682225151111,
            "n_pixels": 56062779
          }
        },
        "dense|low_ant": {
          "path_loss": {
            "rmse_pw": 2.5366207922525077,
            "mae_pw": 1.686340375363861,
            "n_pixels": 25095727
          },
          "delay_spread": {
            "rmse_pw": 25.238251399053556,
            "mae_pw": 7.539791403410471,
            "n_pixels": 53941675
          },
          "angular_spread": {
            "rmse_pw": 14.424413328509587,
            "mae_pw": 6.04039338326211,
            "n_pixels": 53941675
          }
        },
        "dense|mid_ant": {
          "path_loss": {
            "rmse_pw": 2.208973668434431,
            "mae_pw": 1.4348480950467581,
            "n_pixels": 32160417
          },
          "delay_spread": {
            "rmse_pw": 19.599352069385553,
            "mae_pw": 5.656507922813356,
            "n_pixels": 54520611
          },
          "angular_spread": {
            "rmse_pw": 14.646954491988375,
            "mae_pw": 6.839581595343823,
            "n_pixels": 54520611
          }
        },
        "mixed|high_ant": {
          "path_loss": {
            "rmse_pw": 1.494827793124974,
            "mae_pw": 0.915531919164839,
            "n_pixels": 71258694
          },
          "delay_spread": {
            "rmse_pw": 9.894476210815107,
            "mae_pw": 1.85814966286957,
            "n_pixels": 81642289
          },
          "angular_spread": {
            "rmse_pw": 9.968617271450126,
            "mae_pw": 3.767243256873132,
            "n_pixels": 81642289
          }
        },
        "mixed|low_ant": {
          "path_loss": {
            "rmse_pw": 2.2073645168274023,
            "mae_pw": 1.3612935390334064,
            "n_pixels": 52966976
          },
          "delay_spread": {
            "rmse_pw": 38.08750562006862,
            "mae_pw": 15.836986195996456,
            "n_pixels": 75721420
          },
          "angular_spread": {
            "rmse_pw": 15.680248046343237,
            "mae_pw": 8.00301586806613,
            "n_pixels": 75721420
          }
        },
        "mixed|mid_ant": {
          "path_loss": {
            "rmse_pw": 1.799165115712377,
            "mae_pw": 1.080538319137209,
            "n_pixels": 59595785
          },
          "delay_spread": {
            "rmse_pw": 22.899520658479037,
            "mae_pw": 8.170674344292689,
            "n_pixels": 75062721
          },
          "angular_spread": {
            "rmse_pw": 13.611544939344379,
            "mae_pw": 6.6879244512898754,
            "n_pixels": 75062721
          }
        },
        "open|high_ant": {
          "path_loss": {
            "rmse_pw": 1.163089144854324,
            "mae_pw": 0.7430829035609822,
            "n_pixels": 47464518
          },
          "delay_spread": {
            "rmse_pw": 6.739247578524307,
            "mae_pw": 1.2232029560546644,
            "n_pixels": 49352132
          },
          "angular_spread": {
            "rmse_pw": 5.911087564487464,
            "mae_pw": 1.4743905697443451,
            "n_pixels": 49352132
          }
        },
        "open|low_ant": {
          "path_loss": {
            "rmse_pw": 1.3961750896378262,
            "mae_pw": 0.7829356643628059,
            "n_pixels": 41162716
          },
          "delay_spread": {
            "rmse_pw": 33.51592759428558,
            "mae_pw": 14.761022379589425,
            "n_pixels": 46097986
          },
          "angular_spread": {
            "rmse_pw": 12.348755987767237,
            "mae_pw": 5.888953943400043,
            "n_pixels": 46097986
          }
        },
        "open|mid_ant": {
          "path_loss": {
            "rmse_pw": 1.1976849538747762,
            "mae_pw": 0.7080654006577418,
            "n_pixels": 42832462
          },
          "delay_spread": {
            "rmse_pw": 18.290126702859453,
            "mae_pw": 5.536362051401089,
            "n_pixels": 46248942
          },
          "angular_spread": {
            "rmse_pw": 9.065424322257702,
            "mae_pw": 3.392989186008028,
            "n_pixels": 46248942
          }
        }
      },
      "flat": {
        "path_loss_rmse_overall_pw": 1.7550617879086416,
        "path_loss_rmse_los_pw": 1.5840282984269198,
        "path_loss_rmse_nlos_pw": 3.178302307436491,
        "path_loss_mae_overall_pw": 1.0540428366873318,
        "delay_spread_rmse_overall_pw": 23.09848418395093,
        "delay_spread_rmse_los_pw": 22.484551777922157,
        "delay_spread_rmse_nlos_pw": 24.54071795909858,
        "delay_spread_mae_overall_pw": 7.02757171090309,
        "angular_spread_rmse_overall_pw": 12.542712055920154,
        "angular_spread_rmse_los_pw": 13.92161279053831,
        "angular_spread_rmse_nlos_pw": 8.229668399152818,
        "angular_spread_mae_overall_pw": 5.404259817511055,
        "dense_high_ant_path_loss_rmse_pw": 1.8424039215825854,
        "dense_high_ant_delay_spread_rmse_pw": 9.807687515989716,
        "dense_high_ant_angular_spread_rmse_pw": 12.405473959223649,
        "dense_low_ant_path_loss_rmse_pw": 2.5366207922525077,
        "dense_low_ant_delay_spread_rmse_pw": 25.238251399053556,
        "dense_low_ant_angular_spread_rmse_pw": 14.424413328509587,
        "dense_mid_ant_path_loss_rmse_pw": 2.208973668434431,
        "dense_mid_ant_delay_spread_rmse_pw": 19.599352069385553,
        "dense_mid_ant_angular_spread_rmse_pw": 14.646954491988375,
        "mixed_high_ant_path_loss_rmse_pw": 1.494827793124974,
        "mixed_high_ant_delay_spread_rmse_pw": 9.894476210815107,
        "mixed_high_ant_angular_spread_rmse_pw": 9.968617271450126,