{
  "epoch": 2,
  "step": 350,
  "total_steps": 390,
  "progress_fraction": 0.8974358974358975,
  "elapsed_seconds": 829.4595872449572,
  "train_batches_per_second": 0.4219614859869448,
  "seconds_per_train_batch": 2.369884534985592,
  "generator_loss_running": 0.4180615645341043,
  "train_rmse_physical_running": 13.552451560168382,
  "train_rmse_physical_quantized_u8_running": 13.558150224127184,
  "learning_rate": 0.0007999992597802788,
  "generator_objective": "full_map_rmse_only",
  "loss_components_running": {
    "final_loss": 0.0,
    "residual_loss": 0.0,
    "multiscale_loss": 0.0,
    "gate_loss": 0.0,
    "gan_loss": 0.0,
    "nlos_focus_loss": 0.0,
    "term_final": 0.0,
    "term_residual": 0.0,
    "term_multiscale": 0.316038081947315,
    "term_gate": 0.0,
    "term_gan": 0.0,
    "term_nlos_focus": 0.0,
    "generator_loss_total": 0.4180615645341043,
    "main_map_regression_loss": 0.1020234817412815
  }
}