{
  "epoch": 1,
  "step": 250,
  "total_steps": 1560,
  "progress_fraction": 0.16025641025641027,
  "elapsed_seconds": 351.60179399999834,
  "train_batches_per_second": 0.7110316393891926,
  "seconds_per_train_batch": 1.4064071759999934,
  "generator_loss_running": 0.007350488027557731,
  "train_rmse_physical_running": 24.51405723863517,
  "train_rmse_physical_quantized_u8_running": 24.515407881997774,
  "learning_rate": 0.001,
  "generator_objective": "full_map_rmse_only",
  "loss_components_running": {
    "final_loss": 0.0,
    "residual_loss": 0.0,
    "multiscale_loss": 0.0,
    "gate_loss": 0.0,
    "gan_loss": 0.0,
    "nlos_focus_loss": 0.0,
    "term_final": 0.0,
    "term_residual": 0.0,
    "term_multiscale": 0.00489198801422026,
    "term_gate": 0.0,
    "term_gan": 0.0,
    "term_nlos_focus": 0.0,
    "generator_loss_total": 0.007350488027557731
  }
}