{
  "epoch": 95,
  "step": 125,
  "total_steps": 156,
  "progress_fraction": 0.8012820512820513,
  "elapsed_seconds": 59.77759967499878,
  "train_batches_per_second": 2.0910842971214123,
  "seconds_per_train_batch": 0.47822079739999024,
  "generator_loss_running": 0.008237432217225433,
  "no_data_loss_running": 0.010898639876395465,
  "train_rmse_physical_running": 11.715782073905869,
  "train_rmse_physical_quantized_u8_running": 11.719415653416757,
  "learning_rate": 0.0008,
  "generator_objective": "legacy",
  "loss_components_running": {
    "final_loss": 0.007057763025164604,
    "residual_loss": 0.007090233298018575,
    "multiscale_loss": 0.0006347371974843554,
    "gate_loss": 0.0,
    "gan_loss": 0.0,
    "term_final": 0.007057763025164604,
    "term_residual": 0.0,
    "term_multiscale": 0.0006347371974843554,
    "term_gate": 0.0,
    "term_gan": 0.0,
    "generator_loss_total": 0.008237432217225433
  }
}