{
  "epoch": 157,
  "step": 78,
  "total_steps": 78,
  "progress_fraction": 1.0,
  "elapsed_seconds": 39.33068495901534,
  "train_batches_per_second": 1.9831843783366634,
  "seconds_per_train_batch": 0.504239550756607,
  "generator_loss_running": 0.05556208193779756,
  "no_data_loss_running": 0.0005699271192171205,
  "train_rmse_physical_running": 10.31037253895808,
  "train_rmse_physical_quantized_u8_running": 10.314216551317168,
  "learning_rate": 0.0008,
  "generator_objective": "full_map_rmse_only"
}