{
  "epoch": 10,
  "step": 50,
  "total_steps": 260,
  "progress_fraction": 0.19230769230769232,
  "elapsed_seconds": 32.22309983096784,
  "train_batches_per_second": 1.551681876116331,
  "seconds_per_train_batch": 0.6444619966193568,
  "generator_loss_running": 0.05990215100347996,
  "no_data_loss_running": 0.004790601339191198,
  "train_rmse_physical_running": 10.956591987817792,
  "train_rmse_physical_quantized_u8_running": 10.960318702832584,
  "learning_rate": 0.0002,
  "generator_objective": "full_map_rmse_only"
}