{
  "epoch": 3,
  "step": 446,
  "total_steps": 446,
  "progress_fraction": 1.0,
  "elapsed_seconds": 385.023496606,
  "train_batches_per_second": 1.1583708628993055,
  "seconds_per_train_batch": 0.8632813825246637,
  "generator_loss_running": 8.8520985055932,
  "train_rmse_physical_running": 55.29837582126706,
  "train_rmse_physical_quantized_u8_running": 55.2616707777415,
  "learning_rate": 0.0019999925978210513,
  "generator_objective": "full_map_rmse_only",
  "loss_components_running": {
    "final_loss": 0.0,
    "residual_loss": 0.0,
    "multiscale_loss": 0.0,
    "gate_loss": 0.0,
    "gan_loss": 0.0,
    "nlos_focus_loss": 0.23000814281236964,
    "term_final": 0.0,
    "term_residual": 0.0,
    "term_multiscale": 1.0494603789307078,
    "term_gate": 0.0,
    "term_gan": 0.0,
    "term_nlos_focus": 1.15004071366092,
    "generator_loss_total": 8.8520985055932,
    "main_map_regression_loss": 6.652597414538465
  }
}