{
  "epoch": 3,
  "step": 50,
  "total_steps": 3565,
  "progress_fraction": 0.014025245441795231,
  "elapsed_seconds": 61.754046799993375,
  "train_batches_per_second": 0.809663537710137,
  "seconds_per_train_batch": 1.2350809359998676,
  "generator_loss_running": 0.007862093565054238,
  "train_rmse_physical_running": 28.8405035345562,
  "train_rmse_physical_quantized_u8_running": 28.841683426458474,
  "learning_rate": 0.002999977800828817,
  "generator_objective": "full_map_rmse_only",
  "loss_components_running": {
    "final_loss": 0.0,
    "residual_loss": 0.0,
    "multiscale_loss": 0.0,
    "gate_loss": 0.0,
    "gan_loss": 0.0,
    "nlos_focus_loss": 0.0,
    "term_final": 0.0,
    "term_residual": 0.0,
    "term_multiscale": 0.004997840123833157,
    "term_gate": 0.0,
    "term_gan": 0.0,
    "term_nlos_focus": 0.0,
    "generator_loss_total": 0.007862093565054238,
    "main_map_regression_loss": 0.0028642534802202136
  }
}