{
  "epoch": 74,
  "step": 25,
  "total_steps": 268,
  "progress_fraction": 0.09328358208955224,
  "elapsed_seconds": 13.271522067007027,
  "train_batches_per_second": 1.8837326927368747,
  "seconds_per_train_batch": 0.5308608826802811,
  "generator_loss_running": 0.007086737495847047,
  "train_rmse_physical_running": 14.106366755639472,
  "train_rmse_physical_quantized_u8_running": 14.109591196728061,
  "learning_rate": 0.00019108034725482856,
  "generator_objective": "full_map_rmse_only",
  "loss_components_running": {
    "final_loss": 0.0,
    "residual_loss": 0.0,
    "multiscale_loss": 0.0,
    "gate_loss": 0.0,
    "gan_loss": 0.0,
    "nlos_focus_loss": 0.0,
    "term_final": 0.0,
    "term_residual": 0.0,
    "term_multiscale": 0.0013398127374239265,
    "term_gate": 0.0,
    "term_gan": 0.0,
    "term_nlos_focus": 0.0,
    "generator_loss_total": 0.007086737495847047
  }
}