{
  "epoch": 15,
  "step": 780,
  "total_steps": 780,
  "progress_fraction": 1.0,
  "elapsed_seconds": 918.1547207059921,
  "train_batches_per_second": 0.8495300219120352,
  "seconds_per_train_batch": 1.177121436802554,
  "generator_loss_running": 0.22318744199971358,
  "train_rmse_physical_running": 12.644790261099846,
  "train_rmse_physical_quantized_u8_running": 12.637460076642508,
  "learning_rate": 0.00075,
  "generator_objective": "legacy",
  "loss_components_running": {
    "final_loss": 0.012525703224804228,
    "residual_loss": 0.012621926094288938,
    "multiscale_loss": 0.0014231353387190327,
    "gate_loss": 0.0,
    "gan_loss": 0.0,
    "nlos_focus_loss": 0.2039100535760106,
    "pde_loss": 0.013554523722567142,
    "term_final": 0.012525703224804228,
    "term_residual": 0.0012621926309106923,
    "term_multiscale": 0.0014231353387190327,
    "term_gate": 0.0,
    "term_gan": 0.0,
    "term_nlos_focus": 0.2039100535760106,
    "term_pde": 0.004066357282527651,
    "generator_loss_total": 0.22318744199971358
  }
}