{
  "epoch": 3,
  "step": 780,
  "total_steps": 780,
  "progress_fraction": 1.0,
  "elapsed_seconds": 900.1013809399738,
  "train_batches_per_second": 0.8665690515722216,
  "seconds_per_train_batch": 1.1539761294102227,
  "generator_loss_running": 0.05980242038957584,
  "train_rmse_physical_running": 11.807840119566132,
  "train_rmse_physical_quantized_u8_running": 11.799966044103176,
  "learning_rate": 0.00018875999999999997,
  "generator_objective": "legacy",
  "loss_components_running": {
    "final_loss": 0.011688218209131334,
    "residual_loss": 0.011891968081218715,
    "multiscale_loss": 0.0017748421974642834,
    "gate_loss": 0.0,
    "gan_loss": 0.0,
    "nlos_focus_loss": 0.20106332762501178,
    "pde_loss": 0.018070973365161662,
    "term_final": 0.011688218209131334,
    "term_residual": 0.0059459840406093575,
    "term_multiscale": 0.0017748421974642834,
    "term_gate": 0.0,
    "term_gan": 0.0,
    "term_nlos_focus": 0.040212666201524624,
    "term_pde": 0.0001807097292420132,
    "generator_loss_total": 0.05980242038957584
  }
}