{
  "epoch": 1,
  "step": 50,
  "total_steps": 780,
  "progress_fraction": 0.0641025641025641,
  "elapsed_seconds": 65.92724146600813,
  "train_batches_per_second": 0.758411832319419,
  "seconds_per_train_batch": 1.3185448293201625,
  "generator_loss_running": 0.14715769305825233,
  "train_rmse_physical_running": 26.528580407849933,
  "train_rmse_physical_quantized_u8_running": 26.524349000729696,
  "learning_rate": 3.324e-05,
  "generator_objective": "legacy",
  "loss_components_running": {
    "final_loss": 0.03282908532768488,
    "residual_loss": 0.09565813932567835,
    "multiscale_loss": 0.009848549049347639,
    "gate_loss": 0.0,
    "gan_loss": 0.0,
    "nlos_focus_loss": 0.28096551716327667,
    "pde_loss": 0.04578835815191269,
    "term_final": 0.03282908532768488,
    "term_residual": 0.047829069662839174,
    "term_multiscale": 0.009848549049347639,
    "term_gate": 0.0,
    "term_gan": 0.0,
    "term_nlos_focus": 0.05619310412555933,
    "term_pde": 0.0004578835706342943,
    "generator_loss_total": 0.14715769305825233
  }
}