{
  "epoch": 17,
  "step": 780,
  "total_steps": 780,
  "progress_fraction": 1.0,
  "elapsed_seconds": 918.263396519993,
  "train_batches_per_second": 0.8494294806435937,
  "seconds_per_train_batch": 1.1772607647692217,
  "generator_loss_running": 0.2183123376029424,
  "train_rmse_physical_running": 12.581810127581779,
  "train_rmse_physical_quantized_u8_running": 12.575342645586138,
  "learning_rate": 0.00075,
  "generator_objective": "legacy",
  "loss_components_running": {
    "final_loss": 0.01217633805645164,
    "residual_loss": 0.012280189609438635,
    "multiscale_loss": 0.0013391478134368439,
    "gate_loss": 0.0,
    "gan_loss": 0.0,
    "nlos_focus_loss": 0.2001144147884005,
    "pde_loss": 0.011514727940830664,
    "term_final": 0.01217633805645164,
    "term_residual": 0.001228018983499332,
    "term_multiscale": 0.0013391478134368439,
    "term_gate": 0.0,
    "term_gan": 0.0,
    "term_nlos_focus": 0.2001144147884005,
    "term_pde": 0.0034544185233803897,
    "generator_loss_total": 0.2183123376029424
  }
}