{
  "epoch": 61,
  "step": 150,
  "total_steps": 780,
  "progress_fraction": 0.19230769230769232,
  "elapsed_seconds": 158.9152337529813,
  "train_batches_per_second": 0.9438994390755566,
  "seconds_per_train_batch": 1.059434891686542,
  "generator_loss_running": 0.20372302981714407,
  "train_rmse_physical_running": 12.171156681718701,
  "train_rmse_physical_quantized_u8_running": 12.164173615938145,
  "learning_rate": 9.375e-05,
  "generator_objective": "legacy",
  "loss_components_running": {
    "final_loss": 0.011206417016219349,
    "residual_loss": 0.011315410514750207,
    "multiscale_loss": 0.0012662274628140343,
    "gate_loss": 0.0,
    "gan_loss": 0.0,
    "nlos_focus_loss": 0.18741283024350802,
    "pde_loss": 0.009020047415979206,
    "term_final": 0.011206417016219349,
    "term_residual": 0.0011315410748162927,
    "term_multiscale": 0.0012662274628140343,
    "term_gate": 0.0,
    "term_gan": 0.0,
    "term_nlos_focus": 0.18741283024350802,
    "term_pde": 0.0027060143284810085,
    "generator_loss_total": 0.20372302981714407
  }
}