{
  "stage1": {
    "epochs_found": 1,
    "latest": {
      "stage": "stage1",
      "epoch": 1,
      "model_rmse": 23.46599574294436,
      "prior_rmse": 23.565667634717798,
      "rmse_delta_vs_prior": -0.09967189177343627,
      "model_mae": 11.120700572740065,
      "prior_mae": 12.220050626128009,
      "mae_delta_vs_prior": -1.0993500533879441,
      "los_rmse_delta_vs_prior": 0.2924621510311689,
      "nlos_rmse_delta_vs_prior": -0.23743412957557553,
      "nlos_los_gap_rmse": 36.90432666126189,
      "generator_loss": 0.0366201184297508,
      "discriminator_loss": 0.0
    },
    "best_by_rmse": {
      "stage": "stage1",
      "epoch": 1,
      "model_rmse": 23.46599574294436,
      "prior_rmse": 23.565667634717798,
      "rmse_delta_vs_prior": -0.09967189177343627,
      "model_mae": 11.120700572740065,
      "prior_mae": 12.220050626128009,
      "mae_delta_vs_prior": -1.0993500533879441,
      "los_rmse_delta_vs_prior": 0.2924621510311689,
      "nlos_rmse_delta_vs_prior": -0.23743412957557553,
      "nlos_los_gap_rmse": 36.90432666126189,
      "generator_loss": 0.0366201184297508,
      "discriminator_loss": 0.0
    }
  },
  "stage2": {
    "epochs_found": 0,
    "latest": null,
    "best_by_rmse": null
  },
  "notes": {
    "stage2_model_is_combined": true,
    "meaning": "Stage 2 metrics correspond to (Stage1 base + Stage2 refiner) compared against the same prior baseline.",
    "adversarial_activity_proxy": "discriminator_loss (higher than zero indicates active adversarial training).",
    "hard_case_proxy": "nlos_los_gap_rmse (larger means harder NLoS relative to LoS)."
  }
}