{
  "epoch": 154,
  "step": 1,
  "total_steps": 90,
  "progress_fraction": 0.011111111111111112,
  "elapsed_seconds": 1.6627426379709505,
  "train_batches_per_second": 0.6014159841479153,
  "seconds_per_train_batch": 1.6627426379709505,
  "generator_loss_running": 0.05490455776453018,
  "no_data_loss_running": 3.314389323350042e-05,
  "train_rmse_physical_running": 9.881746995852767,
  "train_rmse_physical_quantized_u8_running": 9.886784103123267,
  "learning_rate": 0.0001,
  "generator_objective": "full_map_rmse_only"
}