{
  "epoch": 166,
  "step": 390,
  "total_steps": 390,
  "progress_fraction": 1.0,
  "elapsed_seconds": 317.3689022860199,
  "train_batches_per_second": 1.2288538580523034,
  "seconds_per_train_batch": 0.8137664161179997,
  "generator_loss_running": 2.2100483153110897,
  "train_rmse_physical_running": 10.356622233916767,
  "train_rmse_physical_quantized_u8_running": 10.351367832658749,
  "learning_rate": 0.0007559951510374772,
  "generator_objective": "full_map_rmse_only",
  "loss_components_running": {
    "final_loss": 0.0,
    "residual_loss": 0.0,
    "multiscale_loss": 0.0,
    "gate_loss": 0.0,
    "gan_loss": 0.0,
    "nlos_focus_loss": 0.17265220216523186,
    "term_final": 0.0,
    "term_residual": 0.0,
    "term_multiscale": 0.032695430766146345,
    "term_gate": 0.0,
    "term_gan": 0.0,
    "term_nlos_focus": 0.034530441040913455,
    "generator_loss_total": 2.2100483153110897,
    "main_map_regression_loss": 2.1428224440568533
  }
}