{
  "epoch": 253,
  "step": 175,
  "total_steps": 390,
  "progress_fraction": 0.44871794871794873,
  "elapsed_seconds": 109.26401191399964,
  "train_batches_per_second": 1.6016252463596188,
  "seconds_per_train_batch": 0.6243657823657123,
  "generator_loss_running": 1.96085391666208,
  "train_rmse_physical_running": 7.924938775682087,
  "train_rmse_physical_quantized_u8_running": 7.925280106415716,
  "learning_rate": 0.0013882188192257793,
  "generator_objective": "full_map_rmse_only",
  "loss_components_running": {
    "final_loss": 0.0,
    "residual_loss": 0.0,
    "multiscale_loss": 0.0,
    "gate_loss": 0.0,
    "gan_loss": 0.0,
    "nlos_focus_loss": 0.11236991558476997,
    "term_final": 0.0,
    "term_residual": 0.0,
    "term_multiscale": 0.016735880044954164,
    "term_gate": 0.0,
    "term_gan": 0.0,
    "term_nlos_focus": 0.2809247879740568,
    "generator_loss_total": 1.96085391666208,
    "main_map_regression_loss": 1.0966932455130987
  }
}