{
  "epoch": 189,
  "step": 200,
  "total_steps": 390,
  "progress_fraction": 0.5128205128205128,
  "elapsed_seconds": 166.49865381995915,
  "train_batches_per_second": 1.2012109131901272,
  "seconds_per_train_batch": 0.8324932690997957,
  "generator_loss_running": 2.6551697236299514,
  "train_rmse_physical_running": 9.586255451468537,
  "train_rmse_physical_quantized_u8_running": 9.582230024026106,
  "learning_rate": 0.0018343517221516875,
  "generator_objective": "full_map_rmse_only",
  "loss_components_running": {
    "final_loss": 0.0,
    "residual_loss": 0.0,
    "multiscale_loss": 0.0,
    "gate_loss": 0.0,
    "gan_loss": 0.0,
    "nlos_focus_loss": 0.14782412348780782,
    "term_final": 0.0,
    "term_residual": 0.0,
    "term_multiscale": 0.026709869992919265,
    "term_gate": 0.0,
    "term_gan": 0.0,
    "term_nlos_focus": 0.7391206175647675,
    "generator_loss_total": 2.6551697236299514,
    "main_map_regression_loss": 1.8893392384052277
  }
}