{
  "epoch": 186,
  "step": 475,
  "total_steps": 780,
  "progress_fraction": 0.6089743589743589,
  "elapsed_seconds": 403.6047972230008,
  "train_batches_per_second": 1.1768938408766032,
  "seconds_per_train_batch": 0.8496943099431595,
  "generator_loss_running": 2.849852855958437,
  "train_rmse_physical_running": 9.84314024712991,
  "train_rmse_physical_quantized_u8_running": 9.838812962726056,
  "learning_rate": 0.0019167531062572912,
  "generator_objective": "full_map_rmse_only",
  "loss_components_running": {
    "final_loss": 0.0,
    "residual_loss": 0.0,
    "multiscale_loss": 0.0,
    "gate_loss": 0.0,
    "gan_loss": 0.0,
    "nlos_focus_loss": 0.1601964093710443,
    "term_final": 0.0,
    "term_residual": 0.0,
    "term_multiscale": 0.028762951456010342,
    "term_gate": 0.0,
    "term_gan": 0.0,
    "term_nlos_focus": 0.800982047907616,
    "generator_loss_total": 2.849852855958437,
    "main_map_regression_loss": 2.0201078613180865
  }
}