{
  "epoch": 175,
  "step": 75,
  "total_steps": 390,
  "progress_fraction": 0.19230769230769232,
  "elapsed_seconds": 64.75680408501648,
  "train_batches_per_second": 1.158179454031358,
  "seconds_per_train_batch": 0.8634240544668864,
  "generator_loss_running": 2.040550301472346,
  "train_rmse_physical_running": 9.519148918386183,
  "train_rmse_physical_quantized_u8_running": 9.516013359241883,
  "learning_rate": 0.000677475792513474,
  "generator_objective": "full_map_rmse_only",
  "loss_components_running": {
    "final_loss": 0.0,
    "residual_loss": 0.0,
    "multiscale_loss": 0.0,
    "gate_loss": 0.0,
    "gan_loss": 0.0,
    "nlos_focus_loss": 0.1543092392385006,
    "term_final": 0.0,
    "term_residual": 0.0,
    "term_multiscale": 0.025431222546224794,
    "term_gate": 0.0,
    "term_gan": 0.0,
    "term_nlos_focus": 0.030861848518252372,
    "generator_loss_total": 2.040550301472346,
    "main_map_regression_loss": 1.9842572192351022
  }
}