{
  "delay_spread": {
    "mse": 0.0009472210701009997,
    "rmse": 0.030776956803767973,
    "mae": 0.01628573819521432,
    "mse_physical": 947.2208632252978,
    "rmse_physical": 30.77695344288154,
    "mae_physical": 16.28573832712075,
    "unit": "ns"
  },
  "angular_spread": {
    "mse": 0.003112482144668987,
    "rmse": 0.055789623987521075,
    "mae": 0.02320318162198513,
    "mse_physical": 100.84440479902115,
    "rmse_physical": 10.042131486841882,
    "mae_physical": 4.1765727066796074,
    "unit": "deg"
  },
  "path_loss": {
    "mse": 0.011992126706243705,
    "rmse": 0.10950856909960839,
    "mae": 0.04784232309862475,
    "mse_physical": 388.5448277626782,
    "rmse_physical": 19.711540471578527,
    "mae_physical": 8.611618369080674,
    "unit": "dB",
    "calibrated_median_kernel": 1,
    "calibrated_mse_physical": 388.4778589820603,
    "calibrated_rmse_physical": 19.70984167825963,
    "calibrated_mae_physical": 8.579839352836764
  },
  "_evaluation": {
    "split": "test",
    "source": "train_cgan.py",
    "used_saved_heuristic_calibration": true,
    "loaded_path_loss_median_kernel": 1
  }
}