{
  "delay_spread": {
    "mse": 0.002708299504782308,
    "rmse": 0.05150781723589502,
    "mae": 0.04117890668977405,
    "mse_physical": 2708.2990993923613,
    "rmse_physical": 51.50781350683096,
    "mae_physical": 41.178906815484936,
    "unit": "ns"
  },
  "angular_spread": {
    "mse": 0.011604170654433449,
    "rmse": 0.10627129720858201,
    "mae": 0.07176641164837168,
    "mse_physical": 375.9750656500095,
    "rmse_physical": 19.128831901497694,
    "mae_physical": 12.917954111486916,
    "unit": "deg"
  },
  "path_loss": {
    "mse": 0.023066218655940076,
    "rmse": 0.14806679249488533,
    "mae": 0.08777818130203056,
    "mse_physical": 747.3453226890667,
    "rmse_physical": 26.65201989055355,
    "mae_physical": 15.800073096422645,
    "unit": "dB",
    "best_median_kernel": 1,
    "best_kernel_mse_physical": 655.9620292513471,
    "best_kernel_rmse_physical": 25.611755684672364,
    "best_kernel_mae_physical": 12.401486138394924
  },
  "_checkpoint": {
    "epoch": 1,
    "val_recon_loss": 0.027837040206937367
  },
  "_evaluation": {
    "split": "val",
    "used_saved_heuristic_calibration": false,
    "saved_heuristic_calibration": "outputs\\cgan_unet_hdf5_amd_midvram\\heuristic_calibration.json"
  }
}