{
  "losses": {
    "total": 8.402188437127254,
    "map_nll": 3.305223311077465,
    "dist_kl": 9.615875232696533,
    "moment_match": 429.1661515204666,
    "anchor": 1.307341433611783,
    "prior_guard": 30.082122134061652,
    "outlier_budget": 0.0,
    "rmse": 27.007283482247455,
    "mae": 11.576779896716333
  },
  "metrics": {
    "n_samples": 2750,
    "model": {
      "aggregate": {
        "path_loss": {
          "overall": {
            "rmse_pw": 1.629023545778772,
            "mae_pw": 0.9406519621576634,
            "n_pixels": 413884130
          },
          "los": {
            "rmse_pw": 1.4887535658426416,
            "mae_pw": 0.870045804466828,
            "n_pixels": 382752235
          },
          "nlos": {
            "rmse_pw": 2.8338126516292976,
            "mae_pw": 1.8087219763753528,
            "n_pixels": 31131895
          }
        },
        "delay_spread": {
          "overall": {
            "rmse_pw": 22.182074383032116,
            "mae_pw": 6.059143201315562,
            "n_pixels": 538650555
          },
          "los": {
            "rmse_pw": 21.279730775359443,
            "mae_pw": 7.386183356320737,
            "n_pixels": 382752235
          },
          "nlos": {
            "rmse_pw": 24.25549067968388,
            "mae_pw": 2.8010735068363615,
            "n_pixels": 155898320
          }
        },
        "angular_spread": {
          "overall": {
            "rmse_pw": 11.332106525756764,
            "mae_pw": 4.606921204724846,
            "n_pixels": 538650555
          },
          "los": {
            "rmse_pw": 12.426943815563043,
            "mae_pw": 5.962276321967293,
            "n_pixels": 382752235
          },
          "nlos": {
            "rmse_pw": 8.034476229086602,
            "mae_pw": 1.279334334314399,
            "n_pixels": 155898320
          }
        }
      },
      "macro_experts": {
        "dense|high_ant": {
          "path_loss": {
            "rmse_pw": 1.7801453410222197,
            "mae_pw": 1.0848261554889873,
            "n_pixels": 41346835
          },
          "delay_spread": {
            "rmse_pw": 9.267260841470197,
            "mae_pw": 1.5841109792682146,
            "n_pixels": 56062779
          },
          "angular_spread": {
            "rmse_pw": 10.970363264577584,
            "mae_pw": 3.9713471395277247,
            "n_pixels": 56062779
          }
        },
        "dense|low_ant": {
          "path_loss": {
            "rmse_pw": 2.2468513357370012,
            "mae_pw": 1.390746929691282,
            "n_pixels": 25095727
          },
          "delay_spread": {
            "rmse_pw": 24.326221658455484,
            "mae_pw": 6.2831241781889515,
            "n_pixels": 53941675
          },
          "angular_spread": {
            "rmse_pw": 13.24572076796129,
            "mae_pw": 5.2989101013404,
            "n_pixels": 53941675
          }
        },
        "dense|mid_ant": {
          "path_loss": {
            "rmse_pw": 2.0306433893707596,
            "mae_pw": 1.252955112381919,
            "n_pixels": 32160417
          },
          "delay_spread": {
            "rmse_pw": 18.752904610251047,
            "mae_pw": 4.68154463309871,
            "n_pixels": 54520611
          },
          "angular_spread": {
            "rmse_pw": 13.135040778011561,
            "mae_pw": 5.652930798701751,
            "n_pixels": 54520611
          }
        },
        "mixed|high_ant": {
          "path_loss": {
            "rmse_pw": 1.4896362824979112,
            "mae_pw": 0.8826119724948931,
            "n_pixels": 71258694
          },
          "delay_spread": {
            "rmse_pw": 9.320801868830332,
            "mae_pw": 1.565059989927524,
            "n_pixels": 81642289
          },
          "angular_spread": {
            "rmse_pw": 8.652579744786895,
            "mae_pw": 2.8316710413130686,
            "n_pixels": 81642289
          }
        },
        "mixed|low_ant": {
          "path_loss": {
            "rmse_pw": 1.9672608229575728,
            "mae_pw": 1.1690020406535953,
            "n_pixels": 52966976
          },
          "delay_spread": {
            "rmse_pw": 37.168915074565554,
            "mae_pw": 14.124820998264097,
            "n_pixels": 75721420
          },
          "angular_spread": {
            "rmse_pw": 14.508752184895434,
            "mae_pw": 7.33506480027382,
            "n_pixels": 75721420
          }
        },
        "mixed|mid_ant": {
          "path_loss": {
            "rmse_pw": 1.6469987312937118,
            "mae_pw": 0.9571990914762261,
            "n_pixels": 59595785
          },
          "delay_spread": {
            "rmse_pw": 21.712195839754965,
            "mae_pw": 7.043478854191317,
            "n_pixels": 75062721
          },
          "angular_spread": {
            "rmse_pw": 12.202684248123528,
            "mae_pw": 5.7156926749048305,
            "n_pixels": 75062721
          }
        },
        "open|high_ant": {
          "path_loss": {
            "rmse_pw": 1.1496229723212714,
            "mae_pw": 0.6662214207502855,
            "n_pixels": 47464518
          },
          "delay_spread": {
            "rmse_pw": 6.1223807897621905,
            "mae_pw": 1.0392389482567086,
            "n_pixels": 49352132
          },
          "angular_spread": {
            "rmse_pw": 5.113835313111194,
            "mae_pw": 1.1085043852048972,
            "n_pixels": 49352132
          }
        },
        "open|low_ant": {
          "path_loss": {
            "rmse_pw": 1.2617404741850355,
            "mae_pw": 0.6915372138587745,
            "n_pixels": 41162716
          },
          "delay_spread": {
            "rmse_pw": 31.85310843262893,
            "mae_pw": 12.718151377047144,
            "n_pixels": 46097986
          },
          "angular_spread": {
            "rmse_pw": 11.40352851640883,
            "mae_pw": 5.584452014142765,
            "n_pixels": 46097986
          }
        },
        "open|mid_ant": {
          "path_loss": {
            "rmse_pw": 1.132836542771772,
            "mae_pw": 0.6379434236847044,
            "n_pixels": 42832462
          },
          "delay_spread": {
            "rmse_pw": 17.033734801625005,
            "mae_pw": 4.696089589060221,
            "n_pixels": 46248942
          },
          "angular_spread": {
            "rmse_pw": 8.107110630607247,
            "mae_pw": 2.96358046552719,
            "n_pixels": 46248942
          }
        }
      },
      "flat": {
        "path_loss_rmse_overall_pw": 1.629023545778772,
        "path_loss_rmse_los_pw": 1.4887535658426416,
        "path_loss_rmse_nlos_pw": 2.8338126516292976,
        "path_loss_mae_overall_pw": 0.9406519621576634,
        "delay_spread_rmse_overall_pw": 22.182074383032116,
        "delay_spread_rmse_los_pw": 21.279730775359443,
        "delay_spread_rmse_nlos_pw": 24.25549067968388,
        "delay_spread_mae_overall_pw": 6.059143201315562,
        "angular_spread_rmse_overall_pw": 11.332106525756764,
        "angular_spread_rmse_los_pw": 12.426943815563043,
        "angular_spread_rmse_nlos_pw": 8.034476229086602,
        "angular_spread_mae_overall_pw": 4.606921204724846,
        "dense_high_ant_path_loss_rmse_pw": 1.7801453410222197,
        "dense_high_ant_delay_spread_rmse_pw": 9.267260841470197,
        "dense_high_ant_angular_spread_rmse_pw": 10.970363264577584,
        "dense_low_ant_path_loss_rmse_pw": 2.2468513357370012,
        "dense_low_ant_delay_spread_rmse_pw": 24.326221658455484,
        "dense_low_ant_angular_spread_rmse_pw": 13.24572076796129,
        "dense_mid_ant_path_loss_rmse_pw": 2.0306433893707596,
        "dense_mid_ant_delay_spread_rmse_pw": 18.752904610251047,
        "dense_mid_ant_angular_spread_rmse_pw": 13.135040778011561,
        "mixed_high_ant_path_loss_rmse_pw": 1.4896362824979112,
        "mixed_high_ant_delay_spread_rmse_pw": 9.320801868830332,
        "mixed_high_ant_angular_spread_rmse_pw": 8.652579744786895,