{
  "epoch": 3,
  "step": 450,
  "total_steps": 535,
  "progress_fraction": 0.8411214953271028,
  "elapsed_seconds": 544.070595446974,
  "train_batches_per_second": 0.8270985489122206,
  "seconds_per_train_batch": 1.2090457676599422,
  "generator_loss_running": 0.2692175049914254,
  "train_rmse_physical_running": 17.93774290849338,
  "train_rmse_physical_quantized_u8_running": 17.919671311024924,
  "learning_rate": 0.00033150000000000003,
  "generator_objective": "legacy",
  "loss_components_running": {
    "final_loss": 0.023952927325024374,
    "residual_loss": 0.024281601605729924,
    "multiscale_loss": 0.0029048246428525696,
    "gate_loss": 0.0,
    "gan_loss": 0.0,
    "nlos_focus_loss": 0.2371342312792937,
    "pde_loss": 0.009324537815733088,
    "term_final": 0.023952927325024374,
    "term_residual": 0.0024281601966746774,
    "term_multiscale": 0.0029048246428525696,
    "term_gate": 0.0,
    "term_gan": 0.0,
    "term_nlos_focus": 0.2371342312792937,
    "term_pde": 0.0027973614550299113,
    "generator_loss_total": 0.2692175049914254
  }
}