{
  "epoch": 1,
  "step": 535,
  "total_steps": 535,
  "progress_fraction": 1.0,
  "elapsed_seconds": 633.6479770509759,
  "train_batches_per_second": 0.8443173802746319,
  "seconds_per_train_batch": 1.1843887421513568,
  "generator_loss_running": 0.10172655835886982,
  "train_rmse_physical_running": 20.362297899869564,
  "train_rmse_physical_quantized_u8_running": 20.346736787402,
  "learning_rate": 6.617999999999999e-05,
  "generator_objective": "legacy",
  "loss_components_running": {
    "final_loss": 0.0274212431467234,
    "residual_loss": 0.03730854144076182,
    "multiscale_loss": 0.005581516316204079,
    "gate_loss": 0.0,
    "gan_loss": 0.0,
    "nlos_focus_loss": 0.24925480345699275,
    "pde_loss": 0.021856687815912136,
    "term_final": 0.0274212431467234,
    "term_residual": 0.01865427072038091,
    "term_multiscale": 0.005581516316204079,
    "term_gate": 0.0,
    "term_gan": 0.0,
    "term_nlos_focus": 0.04985096136055817,
    "term_pde": 0.00021856687325172596,
    "generator_loss_total": 0.10172655835886982
  }
}