{
  "epoch": 4,
  "step": 200,
  "total_steps": 535,
  "progress_fraction": 0.37383177570093457,
  "elapsed_seconds": 246.46694144897629,
  "train_batches_per_second": 0.811467853758408,
  "seconds_per_train_batch": 1.2323347072448814,
  "generator_loss_running": 0.2679738990962505,
  "train_rmse_physical_running": 17.9129042068811,
  "train_rmse_physical_quantized_u8_running": 17.89520846214291,
  "learning_rate": 0.0003801,
  "generator_objective": "legacy",
  "loss_components_running": {
    "final_loss": 0.023867674866924062,
    "residual_loss": 0.024245387476403268,
    "multiscale_loss": 0.002891351413563825,
    "gate_loss": 0.0,
    "gan_loss": 0.0,
    "nlos_focus_loss": 0.2362156494706869,
    "pde_loss": 0.008582281495910138,
    "term_final": 0.023867674866924062,
    "term_residual": 0.002424538784689503,
    "term_multiscale": 0.002891351413563825,
    "term_gate": 0.0,
    "term_gan": 0.0,
    "term_nlos_focus": 0.2362156494706869,
    "term_pde": 0.0025746845523826776,
    "generator_loss_total": 0.2679738990962505
  }
}