{
  "epoch": 1,
  "step": 50,
  "total_steps": 1048,
  "progress_fraction": 0.04770992366412214,
  "elapsed_seconds": 41.99954857301782,
  "train_batches_per_second": 1.1904889861631034,
  "seconds_per_train_batch": 0.8399909714603564,
  "generator_loss_running": 0.04660286199301481,
  "train_rmse_physical_running": 66.85463097840955,
  "train_rmse_physical_quantized_u8_running": 66.85508375037037,
  "learning_rate": 0.003,
  "generator_objective": "full_map_rmse_only",
  "loss_components_running": {
    "final_loss": 0.0,
    "residual_loss": 0.0,
    "multiscale_loss": 0.0,
    "gate_loss": 0.0,
    "gan_loss": 0.0,
    "nlos_focus_loss": 0.0,
    "term_final": 0.0,
    "term_residual": 0.0,
    "term_multiscale": 0.03806287942454219,
    "term_gate": 0.0,
    "term_gan": 0.0,
    "term_nlos_focus": 0.0,
    "generator_loss_total": 0.04660286199301481,
    "main_map_regression_loss": 0.00853998243343085
  }
}