{
  "epoch": 68,
  "step": 50,
  "total_steps": 78,
  "progress_fraction": 0.6410256410256411,
  "elapsed_seconds": 16.262068822999936,
  "train_batches_per_second": 3.07463955196669,
  "seconds_per_train_batch": 0.32524137645999873,
  "generator_loss_running": 0.19743554472923278,
  "no_data_loss_running": 0.01949886169284582,
  "train_rmse_physical_running": 10.741768945822571,
  "train_rmse_physical_quantized_u8_running": 10.745398507631014,
  "learning_rate": 0.0008,
  "generator_objective": "legacy",
  "loss_components_running": {
    "final_loss": 0.018474774286150932,
    "residual_loss": 0.01977624636143446,
    "multiscale_loss": 0.0004974158978438936,
    "gate_loss": 0.0,
    "gan_loss": 0.0,
    "nlos_focus_loss": 0.17748841136693955,
    "term_final": 0.018474774286150932,
    "term_residual": 0.0,
    "term_multiscale": 0.0004974158978438936,
    "term_gate": 0.0,
    "term_gan": 0.0,
    "term_nlos_focus": 0.17748841136693955,
    "generator_loss_total": 0.19743554472923278
  }
}