{
  "epoch": 163,
  "step": 102,
  "total_steps": 102,
  "progress_fraction": 1.0,
  "elapsed_seconds": 45.18559006099531,
  "train_batches_per_second": 2.2573568224363525,
  "seconds_per_train_batch": 0.4429959809901501,
  "generator_loss_running": 0.02157175337803589,
  "train_rmse_physical_running": 27.559818741556263,
  "train_rmse_physical_quantized_u8_running": 27.561101289195054,
  "learning_rate": 0.0005985578256383229,
  "generator_objective": "full_map_rmse_only",
  "loss_components_running": {
    "final_loss": 0.0,
    "residual_loss": 0.0,
    "multiscale_loss": 0.0,
    "gate_loss": 0.0,
    "gan_loss": 0.0,
    "nlos_focus_loss": 0.0,
    "term_final": 0.0,
    "term_residual": 0.0,
    "term_multiscale": 0.005161314287012347,
    "term_gate": 0.0,
    "term_gan": 0.0,
    "term_nlos_focus": 0.0,
    "generator_loss_total": 0.02157175337803589
  }
}