{
  "checkpoint": "USC_16H_16W.pt",
  "checkpoint_path": "C:\\TFG\\TFGpractice\\weird_tries\\USC_16H_16W.pt",
  "output_stride": 16,
  "conv_up4_transpose": true,
  "sample_count": 8,
  "metrics": {
    "ground_rmse_db": 67.1395395963127,
    "los_rmse_db": 37.78664612508008,
    "nlos_rmse_db": 107.11539386665882,
    "ground_rmse_norm": 0.3729974422017372,
    "los_rmse_norm": 0.20992581180600045,
    "nlos_rmse_norm": 0.5950855214814379,
    "counts": {
      "ground": 1548309,
      "los": 1073625,
      "nlos": 474684
    }
  },
  "expert_breakdown": {
    "dense_block_midrise": {
      "expert_id": "dense_block_midrise",
      "sample_count": 4,
      "metrics": {
        "ground": {
          "rmse": 0.38205078900445016,
          "sse": 99507.953125,
          "count": 681735,
          "sample_count": 4
        },
        "los": {
          "rmse": 0.20230808663831057,
          "sse": 18963.512451171875,
          "count": 463332,
          "sample_count": 4
        },
        "nlos": {
          "rmse": 0.6072793130929227,
          "sse": 80544.44140625,
          "count": 218403,
          "sample_count": 4
        }
      }
    },
    "mixed_compact_lowrise": {
      "expert_id": "mixed_compact_lowrise",
      "sample_count": 1,
      "metrics": {
        "ground": {
          "rmse": 0.3671893289227927,
          "sse": 26756.482421875,
          "count": 198449,
          "sample_count": 1
        },
        "los": {
          "rmse": 0.22175221022197417,
          "sse": 7486.0595703125,
          "count": 152236,
          "sample_count": 1
        },
        "nlos": {
          "rmse": 0.6457486843664174,
          "sse": 19270.421875,
          "count": 46213,
          "sample_count": 1
        }
      }
    },
    "mixed_compact_midrise": {
      "expert_id": "mixed_compact_midrise",
      "sample_count": 2,
      "metrics": {
        "ground": {
          "rmse": 0.4189277028316721,
          "sse": 75615.935546875,
          "count": 430859,
          "sample_count": 2
        },
        "los": {
          "rmse": 0.22183321866627193,
          "sse": 11169.63134765625,
          "count": 226979,
          "sample_count": 2
        },
        "nlos": {
          "rmse": 0.5622270080288895,
          "sse": 64446.306640625,
          "count": 203880,
          "sample_count": 2
        }
      }
    },
    "open_sparse_lowrise": {
      "expert_id": "open_sparse_lowrise",
      "sample_count": 1,
      "metrics": {
        "ground": {
          "rmse": 0.23881023092119666,
          "sse": 13531.357421875,
          "count": 237266,
          "sample_count": 1
        },
        "los": {
          "rmse": 0.20482216601592954,
          "sse": 9694.2119140625,
          "count": 231078,
          "sample_count": 1
        },
        "nlos": {
          "rmse": 0.7874608687923493,
          "sse": 3837.1455078125,
          "count": 6188,
          "sample_count": 1
        }
      }
    }
  },
  "per_sample": [
    {
      "city": "Alexandria",
      "sample": "sample_01391",
      "expert_id": "dense_block_midrise",
      "city_type": "dense_highrise",
      "height_m": 41.14101028442383,
      "ground_rmse_db": 70.01747846603394,
      "los_rmse_db": 44.00864750146866,
      "nlos_rmse_db": 111.89482927322388,
      "ground_rmse_norm": 0.3889859914779663,
      "los_rmse_norm": 0.24449248611927032,
      "nlos_rmse_norm": 0.6216379404067993,
      "ground_fraction": 0.6842789234294313,
      "los_fraction": 0.7197872068680206,
      "nlos_fraction": 0.2802127931319795
    },
    {
      "city": "Pune",
      "sample": "sample_11284",
      "expert_id": "mixed_compact_midrise",
      "city_type": "mixed_midrise",
      "height_m": 52.64154815673828,
      "ground_rmse_db": 66.38723731040955,
      "los_rmse_db": 43.22221040725708,
      "nlos_rmse_db": 92.27233529090881,
      "ground_rmse_norm": 0.3688179850578308,
      "los_rmse_norm": 0.24012339115142822,
      "nlos_rmse_norm": 0.5126240849494934,
      "ground_fraction": 0.8594895295418533,
      "los_fraction": 0.6179512005340619,
      "nlos_fraction": 0.38204879946593806
    },
    {
      "city": "Shanghai",
      "sample": "sample_13891",
      "expert_id": "mixed_compact_midrise",
      "city_type": "mixed_midrise",
      "height_m": 35.022308349609375,
      "ground_rmse_db": 84.25946116447449,
      "los_rmse_db": 33.99430900812149,
      "nlos_rmse_db": 107.29609608650208,
      "ground_rmse_norm": 0.4681081175804138,
      "los_rmse_norm": 0.1888572722673416,
      "nlos_rmse_norm": 0.5960894227027893,
      "ground_fraction": 0.7777055808244892,
      "los_fraction": 0.4260754001602595,
      "nlos_fraction": 0.5739245998397404
    },
    {
      "city": "Nagpur",
      "sample": "sample_10588",
      "expert_id": "dense_block_midrise",
      "city_type": "dense_highrise",
      "height_m": 293.2037658691406,
      "ground_rmse_db": 59.569008350372314,
      "los_rmse_db": 35.02658396959305,
      "nlos_rmse_db": 122.6407241821289,
      "ground_rmse_norm": 0.3309389352798462,
      "los_rmse_norm": 0.19459213316440582,
      "nlos_rmse_norm": 0.6813373565673828,
      "ground_fraction": 0.6924865770664478,
      "los_fraction": 0.8319368308997427,
      "nlos_fraction": 0.16806316910025734
    },
    {
      "city": "Hyderabad",
      "sample": "sample_07005",
      "expert_id": "dense_block_midrise",
      "city_type": "dense_highrise",
      "height_m": 151.4028778076172,
      "ground_rmse_db": 63.09155344963074,
      "los_rmse_db": 31.49215668439865,
      "nlos_rmse_db": 111.38815999031067,
      "ground_rmse_norm": 0.3505086302757263,
      "los_rmse_norm": 0.17495642602443695,
      "nlos_rmse_norm": 0.6188231110572815,
      "ground_fraction": 0.7198910205989307,
      "los_fraction": 0.7381830849867778,
      "nlos_fraction": 0.2618169150132223
    },
    {
      "city": "Hyderabad",
      "sample": "sample_07100",
      "expert_id": "dense_block_midrise",
      "city_type": "dense_highrise",
      "height_m": 116.89569854736328,
      "ground_rmse_db": 85.06592094898224,
      "los_rmse_db": 30.253542065620422,
      "nlos_rmse_db": 101.39427065849304,
      "ground_rmse_norm": 0.472588449716568,
      "los_rmse_norm": 0.16807523369789124,
      "nlos_rmse_norm": 0.5633015036582947,
      "ground_fraction": 0.49382716049382713,
      "los_fraction": 0.32508464142813176,
      "nlos_fraction": 0.6749153585718682
    },
    {
      "city": "Alexandria",
      "sample": "sample_01444",
      "expert_id": "open_sparse_lowrise",
      "city_type": "open_lowrise",
      "height_m": 115.01754760742188,
      "ground_rmse_db": 42.98584342002869,
      "los_rmse_db": 36.867987513542175,
      "nlos_rmse_db": 141.7429554462433,
      "ground_rmse_norm": 0.2388102412223816,
      "los_rmse_norm": 0.20482215285301208,
      "nlos_rmse_norm": 0.7874608635902405,
      "ground_fraction": 0.9015727536297968,
      "los_fraction": 0.973919567068185,
      "nlos_fraction": 0.026080432931814924
    },
    {
      "city": "Santiago",
      "sample": "sample_12518",
      "expert_id": "mixed_compact_lowrise",
      "city_type": "mixed_midrise",
      "height_m": 84.2826156616211,
      "ground_rmse_db": 66.09407722949982,
      "los_rmse_db": 39.91539806127548,
      "nlos_rmse_db": 116.23476147651672,
      "ground_rmse_norm": 0.36718931794166565,
      "los_rmse_norm": 0.22175221145153046,
      "nlos_rmse_norm": 0.6457486748695374,
      "ground_fraction": 0.7540743780612458,
      "los_fraction": 0.767129086062414,
      "nlos_fraction": 0.23287091393758597
    }
  ]
}