city,sample,expert_id,city_type,height_m,ground_rmse_db,los_rmse_db,nlos_rmse_db,ground_rmse_norm,los_rmse_norm,nlos_rmse_norm,ground_fraction,los_fraction,nlos_fraction
Alexandria,sample_01391,dense_block_midrise,dense_highrise,41.14101028442383,70.01747846603394,44.00864750146866,111.89482927322388,0.3889859914779663,0.24449248611927032,0.6216379404067993,0.6842789234294313,0.7197872068680206,0.2802127931319795
Pune,sample_11284,mixed_compact_midrise,mixed_midrise,52.64154815673828,66.38723731040955,43.22221040725708,92.27233529090881,0.3688179850578308,0.24012339115142822,0.5126240849494934,0.8594895295418533,0.6179512005340619,0.38204879946593806
Shanghai,sample_13891,mixed_compact_midrise,mixed_midrise,35.022308349609375,84.25946116447449,33.99430900812149,107.29609608650208,0.4681081175804138,0.1888572722673416,0.5960894227027893,0.7777055808244892,0.4260754001602595,0.5739245998397404
Nagpur,sample_10588,dense_block_midrise,dense_highrise,293.2037658691406,59.569008350372314,35.02658396959305,122.6407241821289,0.3309389352798462,0.19459213316440582,0.6813373565673828,0.6924865770664478,0.8319368308997427,0.16806316910025734
Hyderabad,sample_07005,dense_block_midrise,dense_highrise,151.4028778076172,63.09155344963074,31.49215668439865,111.38815999031067,0.3505086302757263,0.17495642602443695,0.6188231110572815,0.7198910205989307,0.7381830849867778,0.2618169150132223
Hyderabad,sample_07100,dense_block_midrise,dense_highrise,116.89569854736328,85.06592094898224,30.253542065620422,101.39427065849304,0.472588449716568,0.16807523369789124,0.5633015036582947,0.49382716049382713,0.32508464142813176,0.6749153585718682
Alexandria,sample_01444,open_sparse_lowrise,open_lowrise,115.01754760742188,42.98584342002869,36.867987513542175,141.7429554462433,0.2388102412223816,0.20482215285301208,0.7874608635902405,0.9015727536297968,0.973919567068185,0.026080432931814924
Santiago,sample_12518,mixed_compact_lowrise,mixed_midrise,84.2826156616211,66.09407722949982,39.91539806127548,116.23476147651672,0.36718931794166565,0.22175221145153046,0.6457486748695374,0.7540743780612458,0.767129086062414,0.23287091393758597
