{
  "epoch": 1,
  "step": 1,
  "total_steps": 1560,
  "progress_fraction": 0.000641025641025641,
  "elapsed_seconds": 9.775957472011214,
  "train_batches_per_second": 0.10229177068977872,
  "seconds_per_train_batch": 9.775957472011214,
  "generator_loss_running": 0.017784034833312035,
  "train_rmse_physical_running": 36.634287762826894,
  "train_rmse_physical_quantized_u8_running": 36.635485903954084,
  "learning_rate": 0.001,
  "generator_objective": "full_map_rmse_only",
  "loss_components_running": {
    "final_loss": 0.0,
    "residual_loss": 0.0,
    "multiscale_loss": 0.0,
    "gate_loss": 0.0,
    "gan_loss": 0.0,
    "nlos_focus_loss": 0.0,
    "term_final": 0.0,
    "term_residual": 0.0,
    "term_multiscale": 0.011243155226111412,
    "term_gate": 0.0,
    "term_gan": 0.0,
    "term_nlos_focus": 0.0,
    "term_try70_aux": 0.0014924736460670829,
    "generator_loss_total": 0.017784034833312035,
    "main_map_regression_loss": 0.005048405844718218
  }
}