{
  "epoch": 255,
  "step": 25,
  "total_steps": 41,
  "progress_fraction": 0.6097560975609756,
  "elapsed_seconds": 13.285667905001901,
  "train_batches_per_second": 1.8817269992566792,
  "seconds_per_train_batch": 0.5314267162000761,
  "generator_loss_running": 0.037427967339754106,
  "no_data_loss_running": 0.009833808932453393,
  "train_rmse_physical_running": 28.61424586587347,
  "train_rmse_physical_quantized_u8_running": 28.615416488603117,
  "learning_rate": 0.0008,
  "generator_objective": "legacy",
  "loss_components_running": {
    "final_loss": 0.03305650882422924,
    "residual_loss": 0.04897518008947373,
    "multiscale_loss": 0.0038797684013843537,
    "gate_loss": 0.0,
    "gan_loss": 0.0,
    "term_final": 0.03305650882422924,
    "term_residual": 0.0,
    "term_multiscale": 0.0038797684013843537,
    "term_gate": 0.0,
    "term_gan": 0.0,
    "generator_loss_total": 0.037427967339754106
  }
}