{
  "epoch": 373,
  "step": 34,
  "total_steps": 34,
  "progress_fraction": 1.0,
  "elapsed_seconds": 20.756191641034093,
  "train_batches_per_second": 1.638065430692183,
  "seconds_per_train_batch": 0.6104762247362968,
  "generator_loss_running": 0.061606918078135044,
  "no_data_loss_running": 4.9103683469344536e-05,
  "train_rmse_physical_running": 11.267963870208492,
  "train_rmse_physical_quantized_u8_running": 11.269604790972677,
  "learning_rate": 0.0001,
  "generator_objective": "full_map_rmse_only"
}