{
  "epoch": 5,
  "step": 575,
  "total_steps": 1735,
  "progress_fraction": 0.3314121037463977,
  "elapsed_seconds": 839.8480979730084,
  "train_batches_per_second": 0.6846476182868961,
  "seconds_per_train_batch": 1.460605387779145,
  "generator_loss_running": 0.3113981211703757,
  "train_rmse_physical_running": 28.147213365026605,
  "train_rmse_physical_quantized_u8_running": 28.14841422067409,
  "learning_rate": 0.00028433999999999995,
  "generator_objective": "full_map_rmse_only",
  "loss_components_running": {
    "final_loss": 0.0,
    "residual_loss": 0.0,
    "multiscale_loss": 0.0,
    "gate_loss": 0.0,
    "gan_loss": 0.0,
    "nlos_focus_loss": 0.3138186806181203,
    "pde_loss": 0.016139141017490106,
    "term_final": 0.0,
    "term_residual": 0.0,
    "term_multiscale": 0.019967464532541192,
    "term_gate": 0.0,
    "term_gan": 0.0,
    "term_nlos_focus": 0.06276373744010925,
    "term_pde": 0.0001613914065440084,
    "generator_loss_total": 0.3113981211703757
  }
}