{
  "epoch": 28,
  "step": 175,
  "total_steps": 175,
  "progress_fraction": 1.0,
  "elapsed_seconds": 73.19189497601474,
  "train_batches_per_second": 2.390975121731008,
  "seconds_per_train_batch": 0.41823939986294134,
  "generator_loss_running": 0.11196549854108266,
  "no_data_loss_running": 0.0004506729040128578,
  "train_rmse_physical_running": 20.456098529355042,
  "train_rmse_physical_quantized_u8_running": 20.45803095782669,
  "learning_rate": 0.0001,
  "generator_objective": "full_map_rmse_only"
}