{
  "checkpoint": "USC_16H_16W.pt",
  "checkpoint_path": "C:\\TFG\\TFGpractice\\weird_tries\\USC_16H_16W.pt",
  "output_stride": 16,
  "conv_up4_transpose": true,
  "use_quadrants": true,
  "auto_offset_db": -31.713361144065857,
  "scale_factor": 10.55081673827018,
  "offset_corrected_ground_rmse_db": 54.20508921146393,
  "pred_std_db": 4.06830120831728,
  "sample_count": 16,
  "metrics": {
    "ground_rmse_db": 52.858055262290364,
    "los_rmse_db": 9.844225059278106,
    "nlos_rmse_db": 89.80886219420428,
    "ground_rmse_norm": 0.2936558625682798,
    "los_rmse_norm": 0.0546901392182117,
    "nlos_rmse_norm": 0.4989381233011349,
    "counts": {
      "ground": 3327959,
      "los": 2201590,
      "nlos": 1126369
    }
  },
  "expert_breakdown": {
    "dense_block_midrise": {
      "expert_id": "dense_block_midrise",
      "sample_count": 3,
      "metrics": {
        "ground": {
          "rmse": 0.4058519836055995,
          "sse": 75503.431640625,
          "count": 458386,
          "sample_count": 3
        },
        "los": {
          "rmse": 0.05321976317201542,
          "sse": 458.34960174560547,
          "count": 161827,
          "sample_count": 3
        },
        "nlos": {
          "rmse": 0.5030435258767245,
          "sse": 75045.08203125,
          "count": 296559,
          "sample_count": 3
        }
      }
    },
    "mixed_compact_lowrise": {
      "expert_id": "mixed_compact_lowrise",
      "sample_count": 4,
      "metrics": {
        "ground": {
          "rmse": 0.2939472301507138,
          "sse": 70433.0146484375,
          "count": 815150,
          "sample_count": 4
        },
        "los": {
          "rmse": 0.054911905846221826,
          "sse": 1664.9557495117188,
          "count": 552166,
          "sample_count": 4
        },
        "nlos": {
          "rmse": 0.5113623176354078,
          "sse": 68768.0595703125,
          "count": 262984,
          "sample_count": 4
        }
      }
    },
    "mixed_compact_midrise": {
      "expert_id": "mixed_compact_midrise",
      "sample_count": 5,
      "metrics": {
        "ground": {
          "rmse": 0.31957290775173997,
          "sse": 109763.173828125,
          "count": 1074773,
          "sample_count": 5
        },
        "los": {
          "rmse": 0.05257735878620336,
          "sse": 1739.324935913086,
          "count": 629192,
          "sample_count": 5
        },
        "nlos": {
          "rmse": 0.4923755638281643,
          "sse": 108023.8486328125,
          "count": 445581,
          "sample_count": 5
        }
      }
    },
    "open_sparse_lowrise": {
      "expert_id": "open_sparse_lowrise",
      "sample_count": 2,
      "metrics": {
        "ground": {
          "rmse": 0.15975532336463857,
          "sse": 12583.377807617188,
          "count": 493045,
          "sample_count": 2
        },
        "los": {
          "rmse": 0.05660604469481426,
          "sse": 1441.6119384765625,
          "count": 449907,
          "sample_count": 2
        },
        "nlos": {
          "rmse": 0.5082144243051852,
          "sse": 11141.7646484375,
          "count": 43138,
          "sample_count": 1
        }
      }
    },
    "open_sparse_vertical": {
      "expert_id": "open_sparse_vertical",
      "sample_count": 2,
      "metrics": {
        "ground": {
          "rmse": 0.19603156140684636,
          "sse": 18699.4384765625,
          "count": 486605,
          "sample_count": 2
        },
        "los": {
          "rmse": 0.055993194939650895,
          "sse": 1280.7384033203125,
          "count": 408498,
          "sample_count": 2
        },
        "nlos": {
          "rmse": 0.4722401340160089,
          "sse": 17418.7001953125,
          "count": 78107,
          "sample_count": 2
        }
      }
    }
  },
  "per_sample": [
    {
      "city": "Hyderabad",
      "sample": "sample_07008",
      "expert_id": "dense_block_midrise",
      "city_type": "dense_highrise",
      "height_m": 47.60654830932617,
      "ground_rmse_db": 93.32456588745117,
      "los_rmse_db": 11.015798225998878,
      "nlos_rmse_db": 95.5968689918518,
      "ground_rmse_norm": 0.5184698104858398,
      "los_rmse_norm": 0.0611988790333271,
      "nlos_rmse_norm": 0.5310937166213989,
      "ground_fraction": 0.4144325256347656,
      "los_fraction": 0.04760633646597509,
      "nlos_fraction": 0.9523936635340249
    },
    {
      "city": "Alexandria",
      "sample": "sample_01426",
      "expert_id": "mixed_compact_midrise",
      "city_type": "mixed_midrise",
      "height_m": 44.01139831542969,
      "ground_rmse_db": 57.541290521621704,
      "los_rmse_db": 9.982371255755424,
      "nlos_rmse_db": 93.06508898735046,
      "ground_rmse_norm": 0.3196738362312317,
      "los_rmse_norm": 0.055457618087530136,
      "nlos_rmse_norm": 0.517028272151947,
      "ground_fraction": 0.7569618225097656,
      "los_fraction": 0.6249061396037957,
      "nlos_fraction": 0.37509386039620424
    },
    {
      "city": "Alexandria",
      "sample": "sample_01503",
      "expert_id": "mixed_compact_lowrise",
      "city_type": "mixed_midrise",
      "height_m": 36.16981506347656,
      "ground_rmse_db": 44.631445705890656,
      "los_rmse_db": 9.390714168548584,
      "nlos_rmse_db": 89.92580473423004,
      "ground_rmse_norm": 0.24795247614383698,
      "los_rmse_norm": 0.052170634269714355,
      "nlos_rmse_norm": 0.4995878040790558,
      "ground_fraction": 0.8234786987304688,
      "los_fraction": 0.7619817482744244,
      "nlos_fraction": 0.23801825172557559
    },
    {
      "city": "Rio de Janeiro",
      "sample": "sample_11868",
      "expert_id": "open_sparse_lowrise",
      "city_type": "open_lowrise",
      "height_m": 43.964454650878906,
      "ground_rmse_db": 10.146537870168686,
      "los_rmse_db": 10.146537870168686,
      "nlos_rmse_db": NaN,
      "ground_rmse_norm": 0.05636965483427048,
      "los_rmse_norm": 0.05636965483427048,
      "nlos_rmse_norm": NaN,
      "ground_fraction": 1.0,
      "los_fraction": 1.0,
      "nlos_fraction": 0.0
    },
    {
      "city": "Phuket",
      "sample": "sample_11219",
      "expert_id": "open_sparse_vertical",
      "city_type": "mixed_midrise",
      "height_m": 43.08085250854492,
      "ground_rmse_db": 29.187626838684082,
      "los_rmse_db": 9.6668791025877,
      "nlos_rmse_db": 84.81719434261322,
      "ground_rmse_norm": 0.1621534824371338,
      "los_rmse_norm": 0.053704883903265,
      "nlos_rmse_norm": 0.4712066352367401,
      "ground_fraction": 0.945648193359375,
      "los_fraction": 0.893181011391874,
      "nlos_fraction": 0.10681898860812598
    },
    {
      "city": "Nagpur",
      "sample": "sample_10490",
      "expert_id": "mixed_compact_lowrise",
      "city_type": "mixed_midrise",
      "height_m": 21.81932258605957,
      "ground_rmse_db": 71.88892006874084,
      "los_rmse_db": 11.745995432138443,
      "nlos_rmse_db": 92.8686010837555,
      "ground_rmse_norm": 0.39938288927078247,
      "los_rmse_norm": 0.0652555301785469,
      "nlos_rmse_norm": 0.5159366726875305,
      "ground_fraction": 0.7249031066894531,
      "los_fraction": 0.4072957285466955,
      "nlos_fraction": 0.5927042714533045
    },
    {
      "city": "Kuala Lumpur",
      "sample": "sample_08360",
      "expert_id": "mixed_compact_midrise",
      "city_type": "mixed_midrise",
      "height_m": 30.99463653564453,
      "ground_rmse_db": 44.39192175865173,
      "los_rmse_db": 8.976256549358368,
      "nlos_rmse_db": 80.56046426296234,
      "ground_rmse_norm": 0.24662178754806519,
      "los_rmse_norm": 0.04986809194087982,
      "nlos_rmse_norm": 0.44755813479423523,
      "ground_fraction": 0.8613319396972656,
      "los_fraction": 0.7051104330072234,
      "nlos_fraction": 0.2948895669927766
    },
    {
      "city": "Rio de Janeiro",
      "sample": "sample_12242",
      "expert_id": "mixed_compact_midrise",
      "city_type": "dense_highrise",
      "height_m": 37.887943267822266,