{
  "losses": {
    "total": 50.81744540845264,
    "map_nll": 1.576707005145875,
    "dist_kl": 3.6818586636023087,
    "moment_match": 246.82625304094125,
    "anchor": 1.69220313780958,
    "prior_guard": 105.13811024368732,
    "outlier_budget": 0.0,
    "rmse": 29.440728674785657,
    "mae": 12.629352053566413
  },
  "metrics": {
    "n_samples": 2750,
    "model": {
      "aggregate": {
        "path_loss": {
          "overall": {
            "rmse_pw": 1.739060517451003,
            "mae_pw": 1.0345094294537924,
            "n_pixels": 413884130
          },
          "los": {
            "rmse_pw": 1.564841045049323,
            "mae_pw": 0.9438678387227448,
            "n_pixels": 382752235
          },
          "nlos": {
            "rmse_pw": 3.178225280590597,
            "mae_pw": 2.148905792035104,
            "n_pixels": 31131895
          }
        },
        "delay_spread": {
          "overall": {
            "rmse_pw": 23.286938762967086,
            "mae_pw": 6.612314926526985,
            "n_pixels": 538650555
          },
          "los": {
            "rmse_pw": 22.75856359757703,
            "mae_pw": 8.362965459153775,
            "n_pixels": 382752235
          },
          "nlos": {
            "rmse_pw": 24.535960488887948,
            "mae_pw": 2.3142223884414888,
            "n_pixels": 155898320
          }
        },
        "angular_spread": {
          "overall": {
            "rmse_pw": 12.324248749650653,
            "mae_pw": 4.893598309221964,
            "n_pixels": 538650555
          },
          "los": {
            "rmse_pw": 13.645130971839592,
            "mae_pw": 6.49034360302902,
            "n_pixels": 382752235
          },
          "nlos": {
            "rmse_pw": 8.226158229733253,
            "mae_pw": 0.9733647045649102,
            "n_pixels": 155898320
          }
        }
      },
      "macro_experts": {
        "dense|high_ant": {
          "path_loss": {
            "rmse_pw": 1.8122511888353006,
            "mae_pw": 1.1523238502188258,
            "n_pixels": 41346835
          },
          "delay_spread": {
            "rmse_pw": 9.705118490689076,
            "mae_pw": 1.9159277078302255,
            "n_pixels": 56062779
          },
          "angular_spread": {
            "rmse_pw": 12.019094294759348,
            "mae_pw": 4.496128620158126,
            "n_pixels": 56062779
          }
        },
        "dense|low_ant": {
          "path_loss": {
            "rmse_pw": 2.5282553410331308,
            "mae_pw": 1.6747653737678474,
            "n_pixels": 25095727
          },
          "delay_spread": {
            "rmse_pw": 25.6840234502397,
            "mae_pw": 7.554330390126487,
            "n_pixels": 53941675
          },
          "angular_spread": {
            "rmse_pw": 14.082727979989688,
            "mae_pw": 5.792080272883788,
            "n_pixels": 53941675
          }
        },
        "dense|mid_ant": {
          "path_loss": {
            "rmse_pw": 2.1982249449210363,
            "mae_pw": 1.4240693344192625,
            "n_pixels": 32160417
          },
          "delay_spread": {
            "rmse_pw": 19.807320823554793,
            "mae_pw": 5.59205063442945,
            "n_pixels": 54520611
          },
          "angular_spread": {
            "rmse_pw": 14.26308781663231,
            "mae_pw": 6.28145698397122,
            "n_pixels": 54520611
          }
        },
        "mixed|high_ant": {
          "path_loss": {
            "rmse_pw": 1.4881608850628143,
            "mae_pw": 0.908500760995739,
            "n_pixels": 71258694
          },
          "delay_spread": {
            "rmse_pw": 9.727543498948696,
            "mae_pw": 1.7261138260826752,
            "n_pixels": 81642289
          },
          "angular_spread": {
            "rmse_pw": 9.687873499240505,
            "mae_pw": 3.2106168937594797,
            "n_pixels": 81642289
          }
        },
        "mixed|low_ant": {
          "path_loss": {
            "rmse_pw": 2.196850902131717,
            "mae_pw": 1.3493666519740999,
            "n_pixels": 52966976
          },
          "delay_spread": {
            "rmse_pw": 38.66256896247936,
            "mae_pw": 15.177382969211354,
            "n_pixels": 75721420
          },
          "angular_spread": {
            "rmse_pw": 15.596845166918339,
            "mae_pw": 7.557048377749321,
            "n_pixels": 75721420
          }
        },
        "mixed|mid_ant": {
          "path_loss": {
            "rmse_pw": 1.7835025235330684,
            "mae_pw": 1.0666012481262308,
            "n_pixels": 59595785
          },
          "delay_spread": {
            "rmse_pw": 22.9907118925255,
            "mae_pw": 7.581289242869473,
            "n_pixels": 75062721
          },
          "angular_spread": {
            "rmse_pw": 13.414113683099856,
            "mae_pw": 6.099033747973911,
            "n_pixels": 75062721
          }
        },
        "open|high_ant": {
          "path_loss": {
            "rmse_pw": 1.1374327394009602,
            "mae_pw": 0.6952102389080934,
            "n_pixels": 47464518
          },
          "delay_spread": {
            "rmse_pw": 6.528094994420736,
            "mae_pw": 1.0792081195258698,
            "n_pixels": 49352132
          },
          "angular_spread": {
            "rmse_pw": 5.719801486610659,
            "mae_pw": 1.1609942188602853,
            "n_pixels": 49352132
          }
        },
        "open|low_ant": {
          "path_loss": {
            "rmse_pw": 1.3719231806385144,
            "mae_pw": 0.7598223201549674,
            "n_pixels": 41162716
          },
          "delay_spread": {
            "rmse_pw": 33.591581767419854,
            "mae_pw": 13.094622960453197,
            "n_pixels": 46097986
          },
          "angular_spread": {
            "rmse_pw": 12.324096151674627,
            "mae_pw": 5.258662279193715,
            "n_pixels": 46097986
          }
        },
        "open|mid_ant": {
          "path_loss": {
            "rmse_pw": 1.1658927053254622,
            "mae_pw": 0.6687548362121934,
            "n_pixels": 42832462
          },
          "delay_spread": {
            "rmse_pw": 18.091049690217265,
            "mae_pw": 4.882135041766198,
            "n_pixels": 46248942
          },
          "angular_spread": {
            "rmse_pw": 8.9691921344292,
            "mae_pw": 2.9643207944559573,
            "n_pixels": 46248942
          }
        }
      },
      "flat": {
        "path_loss_rmse_overall_pw": 1.739060517451003,
        "path_loss_rmse_los_pw": 1.564841045049323,
        "path_loss_rmse_nlos_pw": 3.178225280590597,
        "path_loss_mae_overall_pw": 1.0345094294537924,
        "delay_spread_rmse_overall_pw": 23.286938762967086,
        "delay_spread_rmse_los_pw": 22.75856359757703,
        "delay_spread_rmse_nlos_pw": 24.535960488887948,
        "delay_spread_mae_overall_pw": 6.612314926526985,
        "angular_spread_rmse_overall_pw": 12.324248749650653,
        "angular_spread_rmse_los_pw": 13.645130971839592,
        "angular_spread_rmse_nlos_pw": 8.226158229733253,
        "angular_spread_mae_overall_pw": 4.893598309221964,
        "dense_high_ant_path_loss_rmse_pw": 1.8122511888353006,
        "dense_high_ant_delay_spread_rmse_pw": 9.705118490689076,
        "dense_high_ant_angular_spread_rmse_pw": 12.019094294759348,
        "dense_low_ant_path_loss_rmse_pw": 2.5282553410331308,
        "dense_low_ant_delay_spread_rmse_pw": 25.6840234502397,
        "dense_low_ant_angular_spread_rmse_pw": 14.082727979989688,
        "dense_mid_ant_path_loss_rmse_pw": 2.1982249449210363,
        "dense_mid_ant_delay_spread_rmse_pw": 19.807320823554793,
        "dense_mid_ant_angular_spread_rmse_pw": 14.26308781663231,
        "mixed_high_ant_path_loss_rmse_pw": 1.4881608850628143,
        "mixed_high_ant_delay_spread_rmse_pw": 9.727543498948696,
        "mixed_high_ant_angular_spread_rmse_pw": 9.687873499240505,