{
  "epoch": 4,
  "step": 300,
  "total_steps": 584,
  "progress_fraction": 0.5136986301369864,
  "elapsed_seconds": 354.2806361980038,
  "train_batches_per_second": 0.8467863308011367,
  "seconds_per_train_batch": 1.1809354539933459,
  "generator_loss_running": 0.23171834992865722,
  "train_rmse_physical_running": 20.329672482864773,
  "train_rmse_physical_quantized_u8_running": 20.331415152906764,
  "learning_rate": 0.0005608000000000001,
  "generator_objective": "full_map_rmse_only",
  "loss_components_running": {
    "final_loss": 0.0,
    "residual_loss": 0.0,
    "multiscale_loss": 0.0,
    "gate_loss": 0.0,
    "gan_loss": 0.0,
    "nlos_focus_loss": 0.32341405530770617,
    "pde_loss": 0.013405115520581603,
    "term_final": 0.0,
    "term_residual": 0.0,
    "term_multiscale": 0.0037928004669083746,
    "term_gate": 0.0,
    "term_gan": 0.0,
    "term_nlos_focus": 0.04851211049904426,
    "term_pde": 0.00013405115190835205,
    "generator_loss_total": 0.23171834992865722
  }
}