{
  "epoch": 48,
  "step": 25,
  "total_steps": 51,
  "progress_fraction": 0.49019607843137253,
  "elapsed_seconds": 26.005372744999477,
  "train_batches_per_second": 0.9613398063985529,
  "seconds_per_train_batch": 1.040214909799979,
  "generator_loss_running": 5.750053863525391,
  "train_rmse_physical_running": 28.85210252915343,
  "train_rmse_physical_quantized_u8_running": 28.76607465372751,
  "learning_rate": 0.001995919554789486,
  "generator_objective": "full_map_rmse_only",
  "loss_components_running": {
    "final_loss": 0.0,
    "residual_loss": 0.0,
    "multiscale_loss": 0.0,
    "gate_loss": 0.0,
    "gan_loss": 0.0,
    "nlos_focus_loss": 0.19102822244167328,
    "term_final": 0.0,
    "term_residual": 0.0,
    "term_multiscale": 0.2821729451417923,
    "term_gate": 0.0,
    "term_gan": 0.0,
    "term_nlos_focus": 0.9551411080360412,
    "generator_loss_total": 5.750053863525391,
    "main_map_regression_loss": 4.512739753723144
  }
}