{
  "epoch": 75,
  "step": 175,
  "total_steps": 210,
  "progress_fraction": 0.8333333333333334,
  "elapsed_seconds": 83.99281772598624,
  "train_batches_per_second": 2.0835114803614614,
  "seconds_per_train_batch": 0.4799589584342071,
  "generator_loss_running": 0.029673132518572468,
  "no_data_loss_running": 0.0017182536070634211,
  "train_rmse_physical_running": 25.19750663191316,
  "train_rmse_physical_quantized_u8_running": 25.19905922861916,
  "learning_rate": 0.0008,
  "generator_objective": "legacy",
  "loss_components_running": {
    "final_loss": 0.02657569407884564,
    "residual_loss": 0.02839840547314712,
    "multiscale_loss": 0.003011525830786143,
    "gate_loss": 0.0,
    "gan_loss": 0.0,
    "term_final": 0.02657569407884564,
    "term_residual": 0.0,
    "term_multiscale": 0.003011525830786143,
    "term_gate": 0.0,
    "term_gan": 0.0,
    "generator_loss_total": 0.029673132518572468
  }
}