{
  "epoch": 85,
  "step": 25,
  "total_steps": 171,
  "progress_fraction": 0.14619883040935672,
  "elapsed_seconds": 13.52027984597953,
  "train_batches_per_second": 1.8490741526651275,
  "seconds_per_train_batch": 0.5408111938391812,
  "generator_loss_running": 0.022692347522825004,
  "no_data_loss_running": 0.008508653324097394,
  "train_rmse_physical_running": 21.65601443282258,
  "train_rmse_physical_quantized_u8_running": 21.65835043695759,
  "learning_rate": 0.0008,
  "generator_objective": "legacy",
  "loss_components_running": {
    "final_loss": 0.020122751779854297,
    "residual_loss": 0.020216485522687434,
    "multiscale_loss": 0.0021441629622131588,
    "gate_loss": 0.0,
    "gan_loss": 0.0,
    "term_final": 0.020122751779854297,
    "term_residual": 0.0,
    "term_multiscale": 0.0021441629622131588,
    "term_gate": 0.0,
    "term_gan": 0.0,
    "generator_loss_total": 0.022692347522825004
  }
}