{
  "epoch": 135,
  "step": 25,
  "total_steps": 195,
  "progress_fraction": 0.1282051282051282,
  "elapsed_seconds": 12.843041618005373,
  "train_batches_per_second": 1.9465793807715388,
  "seconds_per_train_batch": 0.5137216647202149,
  "generator_loss_running": 0.04290149196982384,
  "no_data_loss_running": 0.00019593636214267462,
  "train_rmse_physical_running": 8.321966941344089,
  "train_rmse_physical_quantized_u8_running": 8.326633985086772,
  "learning_rate": 0.001,
  "generator_objective": "full_map_rmse_only"
}