{
  "epoch": 8,
  "step": 595,
  "total_steps": 595,
  "progress_fraction": 1.0,
  "elapsed_seconds": 356.1656762830098,
  "train_batches_per_second": 1.6705708596333466,
  "seconds_per_train_batch": 0.5985977752655627,
  "generator_loss_running": 0.14294984596116203,
  "no_data_loss_running": 0.0004228479198097964,
  "train_rmse_physical_running": 25.92270736412358,
  "train_rmse_physical_quantized_u8_running": 25.924201964914648,
  "learning_rate": 0.0008,
  "generator_objective": "full_map_rmse_only"
}