{
  "epoch": 9,
  "step": 50,
  "total_steps": 285,
  "progress_fraction": 0.17543859649122806,
  "elapsed_seconds": 32.899698644003365,
  "train_batches_per_second": 1.5197707596362289,
  "seconds_per_train_batch": 0.6579939728800673,
  "generator_loss_running": 0.10082151800394058,
  "no_data_loss_running": 0.004792393171228469,
  "train_rmse_physical_running": 18.21624684086337,
  "train_rmse_physical_quantized_u8_running": 18.218568328583206,
  "learning_rate": 0.0002,
  "generator_objective": "full_map_rmse_only"
}