{
  "epoch": 70,
  "step": 100,
  "total_steps": 285,
  "progress_fraction": 0.3508771929824561,
  "elapsed_seconds": 60.699490486003924,
  "train_batches_per_second": 1.6474602867228016,
  "seconds_per_train_batch": 0.6069949048600393,
  "generator_loss_running": 0.08868844132870436,
  "no_data_loss_running": 0.0001724787893181201,
  "train_rmse_physical_running": 16.23294500122259,
  "train_rmse_physical_quantized_u8_running": 16.235351510593304,
  "learning_rate": 0.0008,
  "generator_objective": "full_map_rmse_only"
}