{
  "losses": {
    "total": 69.37486318850517,
    "map_nll": 2.2122908883799206,
    "dist_kl": 4.645453772371465,
    "moment_match": 339.03646259537913,
    "anchor": 1.703079319303686,
    "prior_guard": 70.90503080499714,
    "outlier_budget": 0.0,
    "rmse": 29.538780769191003,
    "mae": 12.908798748318445
  },
  "metrics": {
    "n_samples": 2750,
    "model": {
      "aggregate": {
        "path_loss": {
          "overall": {
            "rmse_pw": 1.8915763216942698,
            "mae_pw": 1.2108705956205335,
            "n_pixels": 413884130
          },
          "los": {
            "rmse_pw": 1.7456786379580747,
            "mae_pw": 1.1344681128739362,
            "n_pixels": 382752235
          },
          "nlos": {
            "rmse_pw": 3.178422086918836,
            "mae_pw": 2.1502037630722763,
            "n_pixels": 31131895
          }
        },
        "delay_spread": {
          "overall": {
            "rmse_pw": 22.958024081974187,
            "mae_pw": 6.581503107245071,
            "n_pixels": 538650555
          },
          "los": {
            "rmse_pw": 22.27984848406201,
            "mae_pw": 8.325371898501418,
            "n_pixels": 382752235
          },
          "nlos": {
            "rmse_pw": 24.543688462917917,
            "mae_pw": 2.3000606671968638,
            "n_pixels": 155898320
          }
        },
        "angular_spread": {
          "overall": {
            "rmse_pw": 12.619171089892353,
            "mae_pw": 5.088339103340347,
            "n_pixels": 538650555
          },
          "los": {
            "rmse_pw": 14.017999376386749,
            "mae_pw": 6.7682099980292065,
            "n_pixels": 382752235
          },
          "nlos": {
            "rmse_pw": 8.231823729677131,
            "mae_pw": 0.9640205067242653,
            "n_pixels": 155898320
          }
        }
      },
      "macro_experts": {
        "dense|high_ant": {
          "path_loss": {
            "rmse_pw": 2.0685363826071335,
            "mae_pw": 1.3831496995175083,
            "n_pixels": 41346835
          },
          "delay_spread": {
            "rmse_pw": 9.722162708187227,
            "mae_pw": 1.9048437553260604,
            "n_pixels": 56062779
          },
          "angular_spread": {
            "rmse_pw": 12.312861605793545,
            "mae_pw": 4.696824284979255,
            "n_pixels": 56062779
          }
        },
        "dense|low_ant": {
          "path_loss": {
            "rmse_pw": 2.6077003326736885,
            "mae_pw": 1.7385285984007637,
            "n_pixels": 25095727
          },
          "delay_spread": {
            "rmse_pw": 25.055166793230654,
            "mae_pw": 6.838939154438585,
            "n_pixels": 53941675
          },
          "angular_spread": {
            "rmse_pw": 14.262367811066802,
            "mae_pw": 6.070199907605283,
            "n_pixels": 53941675
          }
        },
        "dense|mid_ant": {
          "path_loss": {
            "rmse_pw": 2.3410497525626033,
            "mae_pw": 1.5455025309261576,
            "n_pixels": 32160417
          },
          "delay_spread": {
            "rmse_pw": 19.364888163259337,
            "mae_pw": 5.088376647580468,
            "n_pixels": 54520611
          },
          "angular_spread": {
            "rmse_pw": 14.556255220290884,
            "mae_pw": 6.522973125446769,
            "n_pixels": 54520611
          }
        },
        "mixed|high_ant": {
          "path_loss": {
            "rmse_pw": 1.6974219580824386,
            "mae_pw": 1.1319898229716363,
            "n_pixels": 71258694
          },
          "delay_spread": {
            "rmse_pw": 9.78346262918794,
            "mae_pw": 1.7954566921615525,
            "n_pixels": 81642289
          },
          "angular_spread": {
            "rmse_pw": 9.966932124665995,
            "mae_pw": 3.3189359586786877,
            "n_pixels": 81642289
          }
        },
        "mixed|low_ant": {
          "path_loss": {
            "rmse_pw": 2.2626337177414824,
            "mae_pw": 1.4281711621950062,
            "n_pixels": 52966976
          },
          "delay_spread": {
            "rmse_pw": 37.87176427087677,
            "mae_pw": 15.1299746314352,
            "n_pixels": 75721420
          },
          "angular_spread": {
            "rmse_pw": 15.921315466207762,
            "mae_pw": 7.853281564433815,
            "n_pixels": 75721420
          }
        },
        "mixed|mid_ant": {
          "path_loss": {
            "rmse_pw": 1.931954916151928,
            "mae_pw": 1.2337256467151998,
            "n_pixels": 59595785
          },
          "delay_spread": {
            "rmse_pw": 22.99520902918155,
            "mae_pw": 7.933985406580018,
            "n_pixels": 75062721
          },
          "angular_spread": {
            "rmse_pw": 13.82724136632558,
            "mae_pw": 6.298861782035586,
            "n_pixels": 75062721
          }
        },
        "open|high_ant": {
          "path_loss": {
            "rmse_pw": 1.3502479304197774,
            "mae_pw": 0.955831756787249,
            "n_pixels": 47464518
          },
          "delay_spread": {
            "rmse_pw": 6.511938518069332,
            "mae_pw": 1.1639175516963989,
            "n_pixels": 49352132
          },
          "angular_spread": {
            "rmse_pw": 5.865215944374046,
            "mae_pw": 1.3117839787391303,
            "n_pixels": 49352132
          }
        },
        "open|low_ant": {
          "path_loss": {
            "rmse_pw": 1.490855839526732,
            "mae_pw": 0.902784929737751,
            "n_pixels": 41162716
          },
          "delay_spread": {
            "rmse_pw": 33.24344240466589,
            "mae_pw": 13.197497298200837,
            "n_pixels": 46097986
          },
          "angular_spread": {
            "rmse_pw": 12.678785324900103,
            "mae_pw": 5.437469906663872,
            "n_pixels": 46097986
          }
        },
        "open|mid_ant": {
          "path_loss": {
            "rmse_pw": 1.3677972374455072,
            "mae_pw": 0.8935645558458092,
            "n_pixels": 42832462
          },
          "delay_spread": {
            "rmse_pw": 18.100376060190307,
            "mae_pw": 5.154701285855901,
            "n_pixels": 46248942
          },
          "angular_spread": {
            "rmse_pw": 9.28612587983626,
            "mae_pw": 3.040368285951817,
            "n_pixels": 46248942
          }
        }
      },
      "flat": {
        "path_loss_rmse_overall_pw": 1.8915763216942698,
        "path_loss_rmse_los_pw": 1.7456786379580747,
        "path_loss_rmse_nlos_pw": 3.178422086918836,
        "path_loss_mae_overall_pw": 1.2108705956205335,
        "delay_spread_rmse_overall_pw": 22.958024081974187,
        "delay_spread_rmse_los_pw": 22.27984848406201,
        "delay_spread_rmse_nlos_pw": 24.543688462917917,
        "delay_spread_mae_overall_pw": 6.581503107245071,
        "angular_spread_rmse_overall_pw": 12.619171089892353,
        "angular_spread_rmse_los_pw": 14.017999376386749,
        "angular_spread_rmse_nlos_pw": 8.231823729677131,
        "angular_spread_mae_overall_pw": 5.088339103340347,
        "dense_high_ant_path_loss_rmse_pw": 2.0685363826071335,
        "dense_high_ant_delay_spread_rmse_pw": 9.722162708187227,
        "dense_high_ant_angular_spread_rmse_pw": 12.312861605793545,
        "dense_low_ant_path_loss_rmse_pw": 2.6077003326736885,
        "dense_low_ant_delay_spread_rmse_pw": 25.055166793230654,
        "dense_low_ant_angular_spread_rmse_pw": 14.262367811066802,
        "dense_mid_ant_path_loss_rmse_pw": 2.3410497525626033,
        "dense_mid_ant_delay_spread_rmse_pw": 19.364888163259337,
        "dense_mid_ant_angular_spread_rmse_pw": 14.556255220290884,
        "mixed_high_ant_path_loss_rmse_pw": 1.6974219580824386,
        "mixed_high_ant_delay_spread_rmse_pw": 9.78346262918794,
        "mixed_high_ant_angular_spread_rmse_pw": 9.966932124665995,