{
  "epoch": 69,
  "step": 143,
  "total_steps": 143,
  "progress_fraction": 1.0,
  "elapsed_seconds": 61.87329923600191,
  "train_batches_per_second": 2.3111746385877754,
  "seconds_per_train_batch": 0.4326804142377756,
  "generator_loss_running": 0.06477817430623345,
  "no_data_loss_running": 6.607898426632124e-05,
  "train_rmse_physical_running": 11.951620265369113,
  "train_rmse_physical_quantized_u8_running": 11.954655466600688,
  "learning_rate": 0.0001,
  "generator_objective": "full_map_rmse_only"
}