{
  "epoch": 230,
  "step": 25,
  "total_steps": 54,
  "progress_fraction": 0.46296296296296297,
  "elapsed_seconds": 7.225934195004811,
  "train_batches_per_second": 3.4597602642551264,
  "seconds_per_train_batch": 0.28903736780019246,
  "generator_loss_running": 0.005973512986674905,
  "no_data_loss_running": 0.00016260812713881023,
  "train_rmse_physical_running": 10.31025000601707,
  "train_rmse_physical_quantized_u8_running": 10.313966960198043,
  "learning_rate": 0.0008,
  "generator_objective": "legacy",
  "loss_components_running": {
    "final_loss": 0.005626645237207413,
    "residual_loss": 0.012779093496501446,
    "multiscale_loss": 0.00033873733016662297,
    "gate_loss": 0.0,
    "gan_loss": 0.0,
    "term_final": 0.005626645237207413,
    "term_residual": 0.0,
    "term_multiscale": 0.00033873733016662297,
    "term_gate": 0.0,
    "term_gan": 0.0,
    "generator_loss_total": 0.005973512986674905
  }
}