{
  "epoch": 231,
  "step": 50,
  "total_steps": 54,
  "progress_fraction": 0.9259259259259259,
  "elapsed_seconds": 14.179244924998784,
  "train_batches_per_second": 3.5262808608268883,
  "seconds_per_train_batch": 0.2835848984999757,
  "generator_loss_running": 0.006068591745570302,
  "no_data_loss_running": 0.00019941041129641234,
  "train_rmse_physical_running": 10.44283685207902,
  "train_rmse_physical_quantized_u8_running": 10.44634038002497,
  "learning_rate": 0.0008,
  "generator_objective": "legacy",
  "loss_components_running": {
    "final_loss": 0.005722860083915293,
    "residual_loss": 0.01317915859632194,
    "multiscale_loss": 0.00033576117275515573,
    "gate_loss": 0.0,
    "gan_loss": 0.0,
    "term_final": 0.005722860083915293,
    "term_residual": 0.0,
    "term_multiscale": 0.00033576117275515573,
    "term_gate": 0.0,
    "term_gan": 0.0,
    "generator_loss_total": 0.006068591745570302
  }
}