{
  "epoch": 55,
  "step": 357,
  "total_steps": 357,
  "progress_fraction": 1.0,
  "elapsed_seconds": 168.4504719870165,
  "train_batches_per_second": 2.1193173031151624,
  "seconds_per_train_batch": 0.4718500615882815,
  "generator_loss_running": 0.025880371035188855,
  "no_data_loss_running": 0.0004125583152784327,
  "train_rmse_physical_running": 23.976138951776722,
  "train_rmse_physical_quantized_u8_running": 23.97747460564894,
  "learning_rate": 0.0008,
  "generator_objective": "legacy",
  "loss_components_running": {
    "final_loss": 0.02349405257026104,
    "residual_loss": 0.029342567477719624,
    "multiscale_loss": 0.0023656906392125294,
    "gate_loss": 0.0,
    "gan_loss": 0.0,
    "term_final": 0.02349405257026104,
    "term_residual": 0.0,
    "term_multiscale": 0.0023656906392125294,
    "term_gate": 0.0,
    "term_gan": 0.0,
    "generator_loss_total": 0.025880371035188855
  }
}