{
  "epoch": 26,
  "step": 50,
  "total_steps": 195,
  "progress_fraction": 0.2564102564102564,
  "elapsed_seconds": 24.729016549012158,
  "train_batches_per_second": 2.021916233542952,
  "seconds_per_train_batch": 0.4945803309802432,
  "generator_loss_running": 0.006128212518524379,
  "no_data_loss_running": 5.878121133719105e-05,
  "learning_rate": 5e-05
}