{
  "epoch": 5,
  "step": 25,
  "total_steps": 1168,
  "progress_fraction": 0.021404109589041095,
  "elapsed_seconds": 33.3505456619896,
  "train_batches_per_second": 0.7496129224803985,
  "seconds_per_train_batch": 1.334021826479584,
  "generator_loss_running": 0.09578074499964714,
  "train_rmse_physical_running": 20.808498417533585,
  "train_rmse_physical_quantized_u8_running": 20.763197576461216,
  "learning_rate": 0.0003,
  "generator_objective": "legacy",
  "loss_components_running": {
    "final_loss": 0.03585255019366741,
    "residual_loss": 0.014258763119578362,
    "multiscale_loss": 0.003951139734126628,
    "gate_loss": 0.0,
    "gan_loss": 0.0,
    "nlos_focus_loss": 0.32480079293251035,
    "pde_loss": 0.012755366452038288,
    "term_final": 0.03585255019366741,
    "term_residual": 0.007129381559789181,
    "term_multiscale": 0.003951139734126628,
    "term_gate": 0.0,
    "term_gan": 0.0,
    "term_nlos_focus": 0.04872012108564377,
    "term_pde": 0.00012755366158671678,
    "generator_loss_total": 0.09578074499964714
  }
}