{
  "epoch": 14,
  "step": 298,
  "total_steps": 298,
  "progress_fraction": 1.0,
  "elapsed_seconds": 172.97245809203014,
  "train_batches_per_second": 1.7228176282344838,
  "seconds_per_train_batch": 0.5804444902417119,
  "generator_loss_running": 0.1286596726476146,
  "no_data_loss_running": 0.0004495728652843824,
  "train_rmse_physical_running": 23.530715415487524,
  "train_rmse_physical_quantized_u8_running": 23.532270646635336,
  "learning_rate": 0.0001,
  "generator_objective": "full_map_rmse_only"
}