{
  "epoch": 132,
  "step": 25,
  "total_steps": 68,
  "progress_fraction": 0.36764705882352944,
  "elapsed_seconds": 15.693781413021497,
  "train_batches_per_second": 1.5929876517368156,
  "seconds_per_train_batch": 0.62775125652086,
  "generator_loss_running": 0.15210480839014054,
  "no_data_loss_running": 0.0022066316893324255,
  "train_rmse_physical_running": 27.50281006766857,
  "train_rmse_physical_quantized_u8_running": 27.504016718119036,
  "learning_rate": 0.0008,
  "generator_objective": "full_map_rmse_only"
}