{
  "epoch": 181,
  "step": 75,
  "total_steps": 107,
  "progress_fraction": 0.7009345794392523,
  "elapsed_seconds": 36.43147016502917,
  "train_batches_per_second": 2.0586597153576593,
  "seconds_per_train_batch": 0.48575293553372223,
  "generator_loss_running": 0.014879349277665217,
  "no_data_loss_running": 0.0013992795891438921,
  "train_rmse_physical_running": 17.268315916047612,
  "train_rmse_physical_quantized_u8_running": 17.270647335453067,
  "learning_rate": 0.0008,
  "generator_objective": "legacy",
  "loss_components_running": {
    "final_loss": 0.013406436052173376,
    "residual_loss": 0.01368938452253739,
    "multiscale_loss": 0.0014029491558903828,
    "gate_loss": 0.0,
    "gan_loss": 0.0,
    "term_final": 0.013406436052173376,
    "term_residual": 0.0,
    "term_multiscale": 0.0014029491558903828,
    "term_gate": 0.0,
    "term_gan": 0.0,
    "generator_loss_total": 0.014879349277665217
  }
}