{
  "try_dir": "C:\\TFG\\TFGpractice\\TFGFortyEighthTry48",
  "config": "C:\\TFG\\TFGpractice\\TFGFortyEighthTry48\\experiments\\fortyeighthtry48_pmnet_prior_gan\\fortyeighthtry48_pmnet_prior_gan.yaml",
  "dataset": "C:\\TFG\\TFGpractice\\Datasets\\CKM_Dataset_270326.h5",
  "support": {
    "train_valid_pixels": 2265154084,
    "train_zero_pixels": 590665125,
    "train_zero_ratio": 0.26076156548121165,
    "val_valid_pixels": 485380287,
    "val_zero_pixels": 124935435,
    "val_zero_ratio": 0.25739701085141103
  },
  "regimes": {
    "density_q1": 0.1956760965207146,
    "density_q2": 0.2549084200418514,
    "height_q1": 10.913664557109195,
    "height_q2": 15.950557886832314,
    "ant_q1": 58.12179183959961,
    "ant_q2": 103.85484313964844
  },
  "results": {
    "raw_prior": {
      "count": 485380287,
      "rmse_db": 67.96032203992708,
      "mae_db": 43.472853762266546
    },
    "global_affine": {
      "count": 485380287,
      "rmse_db": 25.704506381703812,
      "mae_db": 15.96111467249603
    },
    "city_type_affine": {
      "count": 485380287,
      "rmse_db": 25.701402033131917,
      "mae_db": 15.945437712073682
    },
    "city_type_los_affine": {
      "count": 485380287,
      "rmse_db": 24.36487772489388,
      "mae_db": 13.088280156720055
    },
    "city_type_los_ant_affine": {
      "count": 485380287,
      "rmse_db": 24.19780054339917,
      "mae_db": 12.804921602589069
    },
    "city_type_los_ant_quadratic": {
      "count": 485380287,
      "rmse_db": 24.177700078398182,
      "mae_db": 12.763683437423882
    },
    "global_affine_support_scaled": {
      "count": 485380287,
      "rmse_db": 33.152184797648644,
      "mae_db": 27.621122576183296
    },
    "city_type_los_affine_support_scaled": {
      "count": 485380287,
      "rmse_db": 26.234700048376496,
      "mae_db": 9.88634613580693
    },
    "city_type_los_ant_affine_support_scaled": {
      "count": 485380287,
      "rmse_db": 26.12296033161704,
      "mae_db": 9.69216509020538
    },
    "city_type_los_ant_quadratic_support_scaled": {
      "count": 485380287,
      "rmse_db": 26.112943334656368,
      "mae_db": 9.65999531955009
    }
  },
  "best": {
    "name": "city_type_los_ant_quadratic",
    "count": 485380287,
    "rmse_db": 24.177700078398182,
    "mae_db": 12.763683437423882
  }
}