{
  "epoch": 11,
  "step": 350,
  "total_steps": 350,
  "progress_fraction": 1.0,
  "elapsed_seconds": 211.43820005794987,
  "train_batches_per_second": 1.6553300203278019,
  "seconds_per_train_batch": 0.6041091430227139,
  "generator_loss_running": 0.13981008499860764,
  "no_data_loss_running": 0.0005084224203268864,
  "train_rmse_physical_running": 25.380606574301655,
  "train_rmse_physical_quantized_u8_running": 25.3821897619595,
  "learning_rate": 0.0008,
  "generator_objective": "full_map_rmse_only"
}