{
  "path_loss": {
    "mse_physical": 504.80892641519694,
    "rmse_physical": 22.467953320567428,
    "mae_physical": 11.408828258331601,
    "count": 538650555,
    "unit": "dB",
    "fraction_of_valid_pixels": 1.0,
    "mse_physical_quantized_u8": 504.89290551274007,
    "rmse_physical_quantized_u8": 22.469822106833423,
    "mae_physical_quantized_u8": 11.403451335903664
  },
  "path_loss__prior__overall": {
    "mse_physical": 507.3698685542058,
    "rmse_physical": 22.52487222059663,
    "mae_physical": 11.264452430110278,
    "count": 538650555,
    "unit": "dB",
    "fraction_of_valid_pixels": 1.0,
    "mse_physical_quantized_u8": 507.45039169596697,
    "rmse_physical_quantized_u8": 22.526659576953858,
    "mae_physical_quantized_u8": 11.253573667997056
  },
  "experiment": {
    "topology_class": null,
    "focused_city_type": null,
    "split_mode": "city_holdout",
    "sample_count": 2750,
    "image_size": 513,
    "batch_size": 5,
    "model_arch": "pmhhnet",
    "base_channels": 10,
    "hf_channels": 8,
    "out_channels": 2,
    "use_scalar_film": true,
    "learning_rate": 0.0008,
    "generator_objective": "legacy",
    "save_every": 1,
    "no_data_aux_enabled": true,
    "no_data_target_source": "fallback:non_ground_mask"
  },
  "_support": {
    "sample_count": 2750,
    "valid_pixel_count": 538650555,
    "los_valid_pixel_count": 382752235,
    "los_fraction": 0.7105761452338984,
    "no_data_positive_fraction": 0.25571427831200066
  },
  "_regimes": {
    "path_loss__antenna_bin__high_ant": {
      "mse_physical": 434.78752127119174,
      "rmse_physical": 20.851559204797894,
      "mae_physical": 10.27999964126929,
      "count": 186769625,
      "unit": "dB",
      "fraction_of_valid_pixels": 0.3467361599581012
    },
    "path_loss__antenna_bin__low_ant": {
      "mse_physical": 549.3578948960976,
      "rmse_physical": 23.43838507440514,
      "mae_physical": 11.986424651074817,
      "count": 177801010,
      "unit": "dB",
      "fraction_of_valid_pixels": 0.3300860053880386
    },
    "path_loss__antenna_bin__mid_ant": {
      "mse_physical": 534.4333655254437,
      "rmse_physical": 23.1178148951289,
      "mae_physical": 12.03000085248201,
      "count": 174079920,
      "unit": "dB",
      "fraction_of_valid_pixels": 0.32317783465386013
    },
    "path_loss__calibration_regime__dense_highrise__LoS__high_ant": {
      "mse_physical": 16.354965267892158,
      "rmse_physical": 4.044127256639207,
      "mae_physical": 3.1634813938823716,
      "count": 24505999,
      "unit": "dB",
      "fraction_of_valid_pixels": 0.04549517079769833
    },
    "path_loss__calibration_regime__dense_highrise__LoS__low_ant": {
      "mse_physical": 16.036853479210496,
      "rmse_physical": 4.004604035258729,
      "mae_physical": 3.1879033071924185,
      "count": 33190116,
      "unit": "dB",
      "fraction_of_valid_pixels": 0.061617157342388706
    },
    "path_loss__calibration_regime__dense_highrise__LoS__mid_ant": {
      "mse_physical": 16.329745631792964,
      "rmse_physical": 4.041007996996908,
      "mae_physical": 3.2174190602562533,
      "count": 21152958,
      "unit": "dB",
      "fraction_of_valid_pixels": 0.039270279782780505
    },
    "path_loss__calibration_regime__dense_highrise__NLoS__high_ant": {
      "mse_physical": 1714.3166735415605,
      "rmse_physical": 41.40430742738683,
      "mae_physical": 31.294959382321917,
      "count": 6426766,
      "unit": "dB",
      "fraction_of_valid_pixels": 0.011931234341715289
    },
    "path_loss__calibration_regime__dense_highrise__NLoS__low_ant": {
      "mse_physical": 1765.8772831614403,
      "rmse_physical": 42.02234266627029,
      "mae_physical": 31.94349334063153,
      "count": 11573864,
      "unit": "dB",
      "fraction_of_valid_pixels": 0.021486776338696986
    },
    "path_loss__calibration_regime__dense_highrise__NLoS__mid_ant": {
      "mse_physical": 1827.6823326888862,
      "rmse_physical": 42.75140152894272,
      "mae_physical": 33.1954748214178,
      "count": 6927902,
      "unit": "dB",
      "fraction_of_valid_pixels": 0.012861588901546756
    },
    "path_loss__calibration_regime__mixed_midrise__LoS__high_ant": {
      "mse_physical": 20.877999380098625,
      "rmse_physical": 4.569244946388695,
      "mae_physical": 3.4358769255812627,
      "count": 112979262,
      "unit": "dB",
      "fraction_of_valid_pixels": 0.20974500249052933
    },
    "path_loss__calibration_regime__mixed_midrise__LoS__low_ant": {
      "mse_physical": 19.40633579124583,
      "rmse_physical": 4.405262284046868,
      "mae_physical": 3.299393061182637,
      "count": 90770115,
      "unit": "dB",
      "fraction_of_valid_pixels": 0.16851391715358022
    },
    "path_loss__calibration_regime__mixed_midrise__LoS__mid_ant": {
      "mse_physical": 23.456401562856563,
      "rmse_physical": 4.843180934350539,
      "mae_physical": 3.523008634920787,
      "count": 100153785,
      "unit": "dB",
      "fraction_of_valid_pixels": 0.18593461766692138
    },
    "path_loss__calibration_regime__mixed_midrise__NLoS__high_ant": {
      "mse_physical": 1573.3036337862425,
      "rmse_physical": 39.66489170269147,
      "mae_physical": 29.240070429153214,
      "count": 42857598,
      "unit": "dB",
      "fraction_of_valid_pixels": 0.07956475232815828
    },
    "path_loss__calibration_regime__mixed_midrise__NLoS__low_ant": {
      "mse_physical": 1773.1264356885285,
      "rmse_physical": 42.10850787772619,
      "mae_physical": 32.086458063316925,
      "count": 42266915,
      "unit": "dB",
      "fraction_of_valid_pixels": 0.07846815455337273
    },
    "path_loss__calibration_regime__mixed_midrise__NLoS__mid_ant": {
      "mse_physical": 1694.3391353307402,
      "rmse_physical": 41.16235094513845,
      "mae_physical": 31.48211004535091,
      "count": 45845275,
      "unit": "dB",
      "fraction_of_valid_pixels": 0.08511134830261151
    },
    "path_loss__city_type__dense_highrise": {
      "mse_physical": 437.43563012463045,
      "rmse_physical": 20.91496187241637,
      "mae_physical": 10.138980466932148,
      "count": 103777605,
      "unit": "dB",
      "fraction_of_valid_pixels": 0.19266220750482657
    },
    "path_loss__city_type__mixed_midrise": {
      "mse_physical": 520.8868161298604,
      "rmse_physical": 22.82294494866647,
      "mae_physical": 11.711863345949661,
      "count": 434872950,
      "unit": "dB",
      "fraction_of_valid_pixels": 0.8073377924951735
    },
    "path_loss__los__LoS": {
      "mse_physical": 20.242927923725905,
      "rmse_physical": 4.499214145128669,
      "mae_physical": 3.3752927896848206,
      "count": 382752235,
      "unit": "dB",
      "fraction_of_valid_pixels": 0.7105761452338984
    },
    "path_loss__los__NLoS": {
      "mse_physical": 1694.4863955397338,
      "rmse_physical": 41.16413967933417,
      "mae_physical": 31.132284152339196,
      "count": 155898320,
      "unit": "dB",
      "fraction_of_valid_pixels": 0.28942385476610155
    },
    "path_loss__prior__antenna_bin__high_ant": {
      "mse_physical": 437.99600024896984,
      "rmse_physical": 20.9283539784898,
      "mae_physical": 10.162043783886164,
      "count": 186769625,
      "unit": "dB",
      "fraction_of_valid_pixels": 0.3467361599581012
    },
    "path_loss__prior__antenna_bin__low_ant": {
      "mse_physical": 554.3766941762592,
      "rmse_physical": 23.545205333066416,
      "mae_physical": 11.88475239538853,
      "count": 177801010,
      "unit": "dB",
      "fraction_of_valid_pixels": 0.3300860053880386
    },
    "path_loss__prior__antenna_bin__mid_ant": {
      "mse_physical": 533.7891723755388,
      "rmse_physical": 23.103877864452514,
      "mae_physical": 11.813662753291707,
      "count": 174079920,
      "unit": "dB",
      "fraction_of_valid_pixels": 0.32317783465386013
    },
    "path_loss__prior__calibration_regime__dense_highrise__LoS__high_ant": {
      "mse_physical": 14.485875132044198,