{
  "checkpoint": "C:\\TFG\\TFGpractice\\cluster_outputs\\TFGSeventyFifthTry75\\try75_expert_allcity_los_small\\best_model.pt",
  "config": "C:\\TFG\\TFGpractice\\TFGSeventyFifthTry75\\experiments\\seventyfifth_try75_experts\\try75_expert_allcity_los.yaml",
  "try_root": "C:\\TFG\\TFGpractice\\TFGSeventyFifthTry75",
  "device": "directml",
  "split": "val",
  "sample_count": 2750,
  "metrics": {
    "ground": {
      "rmse_db": 4.788695338825077,
      "mae_db": 3.604453593746399,
      "count": 413884130
    },
    "los": {
      "rmse_db": 3.795612580573587,
      "mae_db": 3.0275406225521753,
      "count": 382752235
    },
    "nlos": {
      "rmse_db": 11.302285081708517,
      "mae_db": 10.697331464659166,
      "count": 31131895
    }
  },
  "metrics_by_city_type_3": {
    "dense_highrise": {
      "ground": {
        "rmse_db": 5.54959654050022,
        "mae_db": 4.040205982401978,
        "count": 69769297
      },
      "los": {
        "rmse_db": 3.647353436434291,
        "mae_db": 2.7758626548410925,
        "count": 57978204
      },
      "nlos": {
        "rmse_db": 10.808431923930556,
        "mae_db": 10.257132214038334,
        "count": 11791093
      }
    },
    "mixed_midrise": {
      "ground": {
        "rmse_db": 5.111936846929684,
        "mae_db": 3.7460876943706567,
        "count": 121388902
      },
      "los": {
        "rmse_db": 3.7489641122402615,
        "mae_db": 2.9420795169227794,
        "count": 109274721
      },
      "nlos": {
        "rmse_db": 11.62207954939819,
        "mae_db": 10.998560583155731,
        "count": 12114181
      }
    },
    "open_lowrise": {
      "ground": {
        "rmse_db": 4.327034247891444,
        "mae_db": 3.3907607131311344,
        "count": 222725931
      },
      "los": {
        "rmse_db": 3.8577222203448756,
        "mae_db": 3.1385877299803253,
        "count": 215499310
      },
      "nlos": {
        "rmse_db": 11.544207657543287,
        "mae_db": 10.910610428460188,
        "count": 7226621
      }
    }
  }
}