{
  "epoch": 17,
  "step": 200,
  "total_steps": 427,
  "progress_fraction": 0.468384074941452,
  "elapsed_seconds": 86.98969173600199,
  "train_batches_per_second": 2.2991229881232815,
  "seconds_per_train_batch": 0.4349484586800099,
  "generator_loss_running": 0.14668359383940696,
  "train_rmse_physical_running": 19.22821168543342,
  "train_rmse_physical_quantized_u8_running": 19.23025662909237,
  "learning_rate": 0.0003,
  "generator_objective": "full_map_rmse_only",
  "loss_components_running": {
    "final_loss": 0.0,
    "residual_loss": 0.0,
    "multiscale_loss": 0.0,
    "gate_loss": 0.0,
    "gan_loss": 0.0,
    "nlos_focus_loss": 0.0,
    "term_final": 0.0,
    "term_residual": 0.0,
    "term_multiscale": 0.002408683802932501,
    "term_gate": 0.0,
    "term_gan": 0.0,
    "term_nlos_focus": 0.0,
    "generator_loss_total": 0.14668359383940696
  }
}