city,sample,expert_id,city_type,height_m,ground_rmse_db,los_rmse_db,nlos_rmse_db,ground_rmse_norm,los_rmse_norm,nlos_rmse_norm,ground_fraction,los_fraction,nlos_fraction
Alexandria,sample_01391,dense_block_midrise,dense_highrise,41.14101028442383,83.18422794342041,94.59354043006897,41.34518176317215,0.46213459968566895,0.5255196690559387,0.22969545423984528,0.6842789234294313,0.7197872068680206,0.2802127931319795
Pune,sample_11284,mixed_compact_midrise,mixed_midrise,52.64154815673828,85.37567853927612,94.11989450454712,68.92254173755646,0.4743093252182007,0.5228883028030396,0.38290300965309143,0.8594895295418533,0.6179512005340619,0.38204879946593806
Shanghai,sample_13891,mixed_compact_midrise,mixed_midrise,35.022308349609375,66.46302580833435,93.54989290237427,34.63572710752487,0.36923903226852417,0.5197216272354126,0.19242070615291595,0.7777055808244892,0.4260754001602595,0.5739245998397404
Nagpur,sample_10588,dense_block_midrise,dense_highrise,293.2037658691406,92.43897557258606,100.35933494567871,31.399502456188202,0.5135498642921448,0.5575518608093262,0.17444168031215668,0.6924865770664478,0.8319368308997427,0.16806316910025734
Hyderabad,sample_07005,dense_block_midrise,dense_highrise,151.4028778076172,85.65098583698273,97.34590530395508,36.08411729335785,0.4758388102054596,0.5408105850219727,0.2004673182964325,0.7198910205989307,0.7381830849867778,0.2618169150132223
Hyderabad,sample_07100,dense_block_midrise,dense_highrise,116.89569854736328,68.74967336654663,95.99851369857788,50.638110637664795,0.38194262981414795,0.5333250761032104,0.2813228368759155,0.49382716049382713,0.32508464142813176,0.6749153585718682
Alexandria,sample_01444,open_sparse_lowrise,open_lowrise,115.01754760742188,95.49750924110413,96.66541814804077,27.184389531612396,0.530541718006134,0.5370301008224487,0.15102438628673553,0.9015727536297968,0.973919567068185,0.026080432931814924
Santiago,sample_12518,mixed_compact_lowrise,mixed_midrise,84.2826156616211,86.41675651073456,95.6480884552002,43.945940136909485,0.4800930917263031,0.5313782691955566,0.24414411187171936,0.7540743780612458,0.767129086062414,0.23287091393758597
