{
  "checkpoint": "model_0.00008.pt",
  "checkpoint_path": "C:\\TFG\\TFGpractice\\weird_tries\\model_0.00008.pt",
  "output_stride": 8,
  "conv_up4_transpose": false,
  "sample_count": 8,
  "metrics": {
    "ground_rmse_db": 84.31145253344927,
    "los_rmse_db": 96.29213754582229,
    "nlos_rmse_db": 47.05858175765572,
    "ground_rmse_norm": 0.4683969585191626,
    "los_rmse_norm": 0.5349563196990127,
    "nlos_rmse_norm": 0.26143656532030957,
    "counts": {
      "ground": 1548309,
      "los": 1073625,
      "nlos": 474684
    }
  },
  "expert_breakdown": {
    "dense_block_midrise": {
      "expert_id": "dense_block_midrise",
      "sample_count": 4,
      "metrics": {
        "ground": {
          "rmse": 0.46652669022491283,
          "sse": 148377.681640625,
          "count": 681735,
          "sample_count": 4
        },
        "los": {
          "rmse": 0.5414780320917205,
          "sse": 135848.228515625,
          "count": 463332,
          "sample_count": 4
        },
        "nlos": {
          "rmse": 0.23951712367488523,
          "sse": 12529.442138671875,
          "count": 218403,
          "sample_count": 4
        }
      }
    },
    "mixed_compact_lowrise": {
      "expert_id": "mixed_compact_lowrise",
      "sample_count": 1,
      "metrics": {
        "ground": {
          "rmse": 0.4800930733116962,
          "sse": 45740.3828125,
          "count": 198449,
          "sample_count": 1
        },
        "los": {
          "rmse": 0.5313782924536964,
          "sse": 42985.796875,
          "count": 152236,
          "sample_count": 1
        },
        "nlos": {
          "rmse": 0.24414410123598984,
          "sse": 2754.587890625,
          "count": 46213,
          "sample_count": 1
        }
      }
    },
    "mixed_compact_midrise": {
      "expert_id": "mixed_compact_midrise",
      "sample_count": 2,
      "metrics": {
        "ground": {
          "rmse": 0.42762967637909055,
          "sse": 78789.953125,
          "count": 430859,
          "sample_count": 2
        },
        "los": {
          "rmse": 0.5216739625814283,
          "sse": 61770.91015625,
          "count": 226979,
          "sample_count": 2
        },
        "nlos": {
          "rmse": 0.2889217828354298,
          "sse": 17019.04541015625,
          "count": 203880,
          "sample_count": 2
        }
      }
    },
    "open_sparse_lowrise": {
      "expert_id": "open_sparse_lowrise",
      "sample_count": 1,
      "metrics": {
        "ground": {
          "rmse": 0.530541732978744,
          "sse": 66784.3359375,
          "count": 237266,
          "sample_count": 1
        },
        "los": {
          "rmse": 0.537030103959455,
          "sse": 66643.203125,
          "count": 231078,
          "sample_count": 1
        },
        "nlos": {
          "rmse": 0.1510243803420089,
          "sse": 141.13815307617188,
          "count": 6188,
          "sample_count": 1
        }
      }
    }
  },
  "per_sample": [
    {
      "city": "Alexandria",
      "sample": "sample_01391",
      "expert_id": "dense_block_midrise",
      "city_type": "dense_highrise",
      "height_m": 41.14101028442383,
      "ground_rmse_db": 83.18422794342041,
      "los_rmse_db": 94.59354043006897,
      "nlos_rmse_db": 41.34518176317215,
      "ground_rmse_norm": 0.46213459968566895,
      "los_rmse_norm": 0.5255196690559387,
      "nlos_rmse_norm": 0.22969545423984528,
      "ground_fraction": 0.6842789234294313,
      "los_fraction": 0.7197872068680206,
      "nlos_fraction": 0.2802127931319795
    },
    {
      "city": "Pune",
      "sample": "sample_11284",
      "expert_id": "mixed_compact_midrise",
      "city_type": "mixed_midrise",
      "height_m": 52.64154815673828,
      "ground_rmse_db": 85.37567853927612,
      "los_rmse_db": 94.11989450454712,
      "nlos_rmse_db": 68.92254173755646,
      "ground_rmse_norm": 0.4743093252182007,
      "los_rmse_norm": 0.5228883028030396,
      "nlos_rmse_norm": 0.38290300965309143,
      "ground_fraction": 0.8594895295418533,
      "los_fraction": 0.6179512005340619,
      "nlos_fraction": 0.38204879946593806
    },
    {
      "city": "Shanghai",
      "sample": "sample_13891",
      "expert_id": "mixed_compact_midrise",
      "city_type": "mixed_midrise",
      "height_m": 35.022308349609375,
      "ground_rmse_db": 66.46302580833435,
      "los_rmse_db": 93.54989290237427,
      "nlos_rmse_db": 34.63572710752487,
      "ground_rmse_norm": 0.36923903226852417,
      "los_rmse_norm": 0.5197216272354126,
      "nlos_rmse_norm": 0.19242070615291595,
      "ground_fraction": 0.7777055808244892,
      "los_fraction": 0.4260754001602595,
      "nlos_fraction": 0.5739245998397404
    },
    {
      "city": "Nagpur",
      "sample": "sample_10588",
      "expert_id": "dense_block_midrise",
      "city_type": "dense_highrise",
      "height_m": 293.2037658691406,
      "ground_rmse_db": 92.43897557258606,
      "los_rmse_db": 100.35933494567871,
      "nlos_rmse_db": 31.399502456188202,
      "ground_rmse_norm": 0.5135498642921448,
      "los_rmse_norm": 0.5575518608093262,
      "nlos_rmse_norm": 0.17444168031215668,
      "ground_fraction": 0.6924865770664478,
      "los_fraction": 0.8319368308997427,
      "nlos_fraction": 0.16806316910025734
    },
    {
      "city": "Hyderabad",
      "sample": "sample_07005",
      "expert_id": "dense_block_midrise",
      "city_type": "dense_highrise",
      "height_m": 151.4028778076172,
      "ground_rmse_db": 85.65098583698273,
      "los_rmse_db": 97.34590530395508,
      "nlos_rmse_db": 36.08411729335785,
      "ground_rmse_norm": 0.4758388102054596,
      "los_rmse_norm": 0.5408105850219727,
      "nlos_rmse_norm": 0.2004673182964325,
      "ground_fraction": 0.7198910205989307,
      "los_fraction": 0.7381830849867778,
      "nlos_fraction": 0.2618169150132223
    },
    {
      "city": "Hyderabad",
      "sample": "sample_07100",
      "expert_id": "dense_block_midrise",
      "city_type": "dense_highrise",
      "height_m": 116.89569854736328,
      "ground_rmse_db": 68.74967336654663,
      "los_rmse_db": 95.99851369857788,
      "nlos_rmse_db": 50.638110637664795,
      "ground_rmse_norm": 0.38194262981414795,
      "los_rmse_norm": 0.5333250761032104,
      "nlos_rmse_norm": 0.2813228368759155,
      "ground_fraction": 0.49382716049382713,
      "los_fraction": 0.32508464142813176,
      "nlos_fraction": 0.6749153585718682
    },
    {
      "city": "Alexandria",
      "sample": "sample_01444",
      "expert_id": "open_sparse_lowrise",
      "city_type": "open_lowrise",
      "height_m": 115.01754760742188,
      "ground_rmse_db": 95.49750924110413,
      "los_rmse_db": 96.66541814804077,
      "nlos_rmse_db": 27.184389531612396,
      "ground_rmse_norm": 0.530541718006134,
      "los_rmse_norm": 0.5370301008224487,
      "nlos_rmse_norm": 0.15102438628673553,
      "ground_fraction": 0.9015727536297968,
      "los_fraction": 0.973919567068185,
      "nlos_fraction": 0.026080432931814924
    },
    {
      "city": "Santiago",
      "sample": "sample_12518",
      "expert_id": "mixed_compact_lowrise",
      "city_type": "mixed_midrise",
      "height_m": 84.2826156616211,
      "ground_rmse_db": 86.41675651073456,
      "los_rmse_db": 95.6480884552002,
      "nlos_rmse_db": 43.945940136909485,
      "ground_rmse_norm": 0.4800930917263031,
      "los_rmse_norm": 0.5313782691955566,
      "nlos_rmse_norm": 0.24414411187171936,
      "ground_fraction": 0.7540743780612458,
      "los_fraction": 0.767129086062414,
      "nlos_fraction": 0.23287091393758597
    }
  ]
}