{
  "epoch": 14,
  "step": 100,
  "total_steps": 285,
  "progress_fraction": 0.3508771929824561,
  "elapsed_seconds": 112.86050730900024,
  "train_batches_per_second": 0.8860495348138963,
  "seconds_per_train_batch": 1.1286050730900024,
  "generator_loss_running": 4.835622645616532,
  "train_rmse_physical_running": 27.011674331482798,
  "train_rmse_physical_quantized_u8_running": 26.955673024845762,
  "learning_rate": 0.001,
  "generator_objective": "full_map_rmse_only",
  "loss_components_running": {
    "final_loss": 0.0,
    "residual_loss": 0.0,
    "multiscale_loss": 0.0,
    "gate_loss": 0.0,
    "gan_loss": 0.0,
    "nlos_focus_loss": 0.22031675912439824,
    "term_final": 0.0,
    "term_residual": 0.0,
    "term_multiscale": 0.23920195499435068,
    "term_gate": 0.0,
    "term_gan": 0.0,
    "term_nlos_focus": 0.044063352653756736,
    "generator_loss_total": 4.835622645616532,
    "main_map_regression_loss": 4.552357330322265
  }
}