{
  "try_dir": "C:\\TFG\\TFGpractice\\TFGFortyFirstTry41",
  "config": "C:\\TFG\\TFGpractice\\TFGFortyFirstTry41\\experiments\\fortyfirsttry41_prior_residual_formula\\fortyfirsttry41_prior_residual_formula.yaml",
  "dataset": "C:\\TFG\\TFGpractice\\Datasets\\CKM_Dataset_270326.h5",
  "support": {
    "train_valid_pixels": 2265154084,
    "train_zero_pixels": 590665125,
    "train_zero_ratio": 0.26076156548121165,
    "val_valid_pixels": 485380287,
    "val_zero_pixels": 124935435,
    "val_zero_ratio": 0.25739701085141103
  },
  "regimes": {
    "density_q1": 0.1956760965207146,
    "density_q2": 0.2549084200418514,
    "height_q1": 10.913664557109195,
    "height_q2": 15.950557886832314,
    "ant_q1": 58.12179183959961,
    "ant_q2": 103.85484313964844
  },
  "results": {
    "raw_prior": {
      "count": 485380287,
      "rmse_db": 67.22634299660488,
      "mae_db": 37.475351159916755
    },
    "global_affine": {
      "count": 485380287,
      "rmse_db": 26.966615305801785,
      "mae_db": 18.161128078640907
    },
    "city_type_affine": {
      "count": 485380287,
      "rmse_db": 26.955159578346738,
      "mae_db": 18.121173114922627
    },
    "city_type_los_affine": {
      "count": 485380287,
      "rmse_db": 24.29270285550646,
      "mae_db": 12.787441164129977
    },
    "city_type_los_ant_affine": {
      "count": 485380287,
      "rmse_db": 24.174356948071225,
      "mae_db": 12.686274265063817
    },
    "city_type_los_ant_quadratic": {
      "count": 485380287,
      "rmse_db": 24.16017391835446,
      "mae_db": 12.674843575357954
    },
    "global_affine_support_scaled": {
      "count": 485380287,
      "rmse_db": 34.09969803166018,
      "mae_db": 28.616347905024057
    },
    "city_type_los_affine_support_scaled": {
      "count": 485380287,
      "rmse_db": 26.167748835879692,
      "mae_db": 9.585674309258069
    },
    "city_type_los_ant_affine_support_scaled": {
      "count": 485380287,
      "rmse_db": 26.10134284956976,
      "mae_db": 9.573816382528419
    },
    "city_type_los_ant_quadratic_support_scaled": {
      "count": 485380287,
      "rmse_db": 26.096851258387964,
      "mae_db": 9.571487307892982
    }
  },
  "best": {
    "name": "city_type_los_ant_quadratic",
    "count": 485380287,
    "rmse_db": 24.16017391835446,
    "mae_db": 12.674843575357954
  }
}