{
  "try_dir": "C:\\TFG\\TFGpractice\\TFGFortyFirstTry41",
  "config": "C:\\TFG\\TFGpractice\\TFGFortyFirstTry41\\experiments\\fortyfirsttry41_prior_residual_formula\\fortyfirsttry41_prior_residual_formula.yaml",
  "dataset": "C:\\TFG\\TFGpractice\\Datasets\\CKM_Dataset_270326.h5",
  "support": {
    "train_valid_pixels": 2265154084,
    "train_zero_pixels": 590665125,
    "train_zero_ratio": 0.26076156548121165,
    "val_valid_pixels": 485380287,
    "val_zero_pixels": 124935435,
    "val_zero_ratio": 0.25739701085141103
  },
  "regimes": {
    "density_q1": 0.1956760965207146,
    "density_q2": 0.2549084200418514,
    "height_q1": 10.913664557109195,
    "height_q2": 15.950557886832314,
    "ant_q1": 58.12179183959961,
    "ant_q2": 103.85484313964844
  },
  "results": {
    "raw_prior": {
      "count": 485380287,
      "rmse_db": 24.160162164238237,
      "mae_db": 12.674801208513797
    },
    "global_affine": {
      "count": 485380287,
      "rmse_db": 24.1601632772918,
      "mae_db": 12.67476689219933
    },
    "city_type_affine": {
      "count": 485380287,
      "rmse_db": 24.160162390767756,
      "mae_db": 12.674767210517903
    },
    "city_type_los_affine": {
      "count": 485380287,
      "rmse_db": 24.16015905217865,
      "mae_db": 12.674743608351266
    },
    "city_type_los_ant_affine": {
      "count": 485380287,
      "rmse_db": 24.16016269382823,
      "mae_db": 12.674767864496033
    },
    "city_type_los_ant_quadratic": {
      "count": 485380287,
      "rmse_db": 24.159988935612144,
      "mae_db": 12.674676330755585
    },
    "global_affine_support_scaled": {
      "count": 485380287,
      "rmse_db": 32.027166534005666,
      "mae_db": 26.693038114235865
    },
    "city_type_los_affine_support_scaled": {
      "count": 485380287,
      "rmse_db": 26.124619191424937,
      "mae_db": 9.56395692585942
    },
    "city_type_los_ant_affine_support_scaled": {
      "count": 485380287,
      "rmse_db": 26.096845428459037,
      "mae_db": 9.57147111425212
    },
    "city_type_los_ant_quadratic_support_scaled": {
      "count": 485380287,
      "rmse_db": 26.096791425026638,
      "mae_db": 9.571448665363704
    }
  },
  "best": {
    "name": "city_type_los_ant_quadratic",
    "count": 485380287,
    "rmse_db": 24.159988935612144,
    "mae_db": 12.674676330755585
  }
}