{
  "search_space": {
    "nlos_bias_values": [
      -24.0,
      -20.0,
      -16.16,
      -12.0,
      -8.0,
      -4.0
    ],
    "nlos_amp_values": [
      8.0,
      12.0436,
      16.0,
      20.0,
      24.0
    ],
    "nlos_tau_values": [
      4.0,
      6.0,
      7.52,
      10.0,
      14.0
    ]
  },
  "selection_rule": "minimize train_priority_score = 0.85 * train_NLoS_RMSE + 0.15 * train_LoS_RMSE",
  "train_sample_count": 96,
  "val_sample_count": 64,
  "pixel_sample": 4096,
  "best": {
    "a2g_params": {
      "los_log_coeff": -20.0,
      "los_bias": 0.0,
      "nlos_bias": -24.0,
      "nlos_amp": 8.0,
      "nlos_tau": 4.0
    },
    "train": {
      "overall": {
        "count": 393216,
        "rmse_db": 35.911944576601826,
        "mae_db": 23.220883409182232
      },
      "LoS": {
        "count": 250864,
        "rmse_db": 3.7476776537217313,
        "mae_db": 2.9988506857750785
      },
      "NLoS": {
        "count": 142352,
        "rmse_db": 59.47832703085604,
        "mae_db": 58.85775638669076
      }
    },
    "val": {
      "overall": {
        "count": 262144,
        "rmse_db": 34.25031654879896,
        "mae_db": 21.22376348078251
      },
      "LoS": {
        "count": 177279,
        "rmse_db": 3.811859897092755,
        "mae_db": 3.061240906619342
      },
      "NLoS": {
        "count": 84865,
        "rmse_db": 59.94371385457869,
        "mae_db": 59.164420355237915
      }
    },
    "train_priority_score": 51.1187296242859
  },
  "top10": [
    {
      "a2g_params": {
        "los_log_coeff": -20.0,
        "los_bias": 0.0,
        "nlos_bias": -24.0,
        "nlos_amp": 8.0,
        "nlos_tau": 4.0
      },
      "train": {
        "overall": {
          "count": 393216,
          "rmse_db": 35.911944576601826,
          "mae_db": 23.220883409182232
        },
        "LoS": {
          "count": 250864,
          "rmse_db": 3.7476776537217313,
          "mae_db": 2.9988506857750785
        },
        "NLoS": {
          "count": 142352,
          "rmse_db": 59.47832703085604,
          "mae_db": 58.85775638669076
        }
      },
      "val": {
        "overall": {
          "count": 262144,
          "rmse_db": 34.25031654879896,
          "mae_db": 21.22376348078251
        },
        "LoS": {
          "count": 177279,
          "rmse_db": 3.811859897092755,
          "mae_db": 3.061240906619342
        },
        "NLoS": {
          "count": 84865,
          "rmse_db": 59.94371385457869,
          "mae_db": 59.164420355237915
        }
      },
      "train_priority_score": 51.1187296242859
    },
    {
      "a2g_params": {
        "los_log_coeff": -20.0,
        "los_bias": 0.0,
        "nlos_bias": -24.0,
        "nlos_amp": 12.0436,
        "nlos_tau": 4.0
      },
      "train": {
        "overall": {
          "count": 393216,
          "rmse_db": 35.91277600923778,
          "mae_db": 23.221280130247276
        },
        "LoS": {
          "count": 250864,
          "rmse_db": 3.7476776537217313,
          "mae_db": 2.9988506857750785
        },
        "NLoS": {
          "count": 142352,
          "rmse_db": 59.47971342485647,
          "mae_db": 58.858851436766344
        }
      },
      "val": {
        "overall": {
          "count": 262144,
          "rmse_db": 34.25204166536427,
          "mae_db": 21.224531076848507
        },
        "LoS": {
          "count": 177279,
          "rmse_db": 3.811859897092755,
          "mae_db": 3.061240906619342
        },
        "NLoS": {
          "count": 84865,
          "rmse_db": 59.94675895205045,
          "mae_db": 59.1667913917969
        }
      },
      "train_priority_score": 51.11990805918626
    },
    {
      "a2g_params": {
        "los_log_coeff": -20.0,
        "los_bias": 0.0,
        "nlos_bias": -24.0,
        "nlos_amp": 16.0,
        "nlos_tau": 4.0
      },
      "train": {
        "overall": {
          "count": 393216,
          "rmse_db": 35.913597885068505,
          "mae_db": 23.221667987604935
        },
        "LoS": {
          "count": 250864,
          "rmse_db": 3.7476776537217313,
          "mae_db": 2.9988506857750785
        },
        "NLoS": {
          "count": 142352,
          "rmse_db": 59.48108371912559,
          "mae_db": 58.85992205597195
        }
      },
      "val": {
        "overall": {
          "count": 262144,
          "rmse_db": 34.25374127058003,
          "mae_db": 21.2252823933959
        },
        "LoS": {
          "count": 177279,
          "rmse_db": 3.811859897092755,
          "mae_db": 3.061240906619342
        },
        "NLoS": {
          "count": 84865,
          "rmse_db": 59.94975849989049,
          "mae_db": 59.1691120064772
        }
      },
      "train_priority_score": 51.12107280931502
    },
    {
      "a2g_params": {
        "los_log_coeff": -20.0,
        "los_bias": 0.0,
        "nlos_bias": -24.0,
        "nlos_amp": 20.0,
        "nlos_tau": 4.0
      },
      "train": {
        "overall": {
          "count": 393216,
          "rmse_db": 35.91443658843713,
          "mae_db": 23.222060211002827
        },
        "LoS": {
          "count": 250864,
          "rmse_db": 3.7476776537217313,
          "mae_db": 2.9988506857750785
        },
        "NLoS": {
          "count": 142352,
          "rmse_db": 59.48248320034028,
          "mae_db": 58.861006083428975
        }
      },
      "val": {
        "overall": {
          "count": 262144,
          "rmse_db": 34.25547081350521,
          "mae_db": 21.22604178264737
        },
        "LoS": {
          "count": 177279,
          "rmse_db": 3.811859897092755,
          "mae_db": 3.061240906619342
        },
        "NLoS": {
          "count": 84865,
          "rmse_db": 59.95281157901368,
          "mae_db": 59.17145807231062
        }
      },
      "train_priority_score": 51.1222623683475
    },
    {
      "a2g_params": {
        "los_log_coeff": -20.0,
        "los_bias": 0.0,
        "nlos_bias": -24.0,
        "nlos_amp": 24.0,
        "nlos_tau": 4.0
      },
      "train": {
        "overall": {
          "count": 393216,
          "rmse_db": 35.91528379698162,
          "mae_db": 23.222452300290268
        },
        "LoS": {
          "count": 250864,
          "rmse_db": 3.7476776537217313,
          "mae_db": 2.9988506857750785
        },
        "NLoS": {
          "count": 142352,
          "rmse_db": 59.48389619928137,
          "mae_db": 58.86208939228056
        }
      },
      "val": {
        "overall": {
          "count": 262144,
          "rmse_db": 34.25721182041017,
          "mae_db": 21.22680129483342
        },
        "LoS": {
          "count": 177279,
          "rmse_db": 3.811859897092755,
          "mae_db": 3.061240906619342
        },
        "NLoS": {
          "count": 84865,
          "rmse_db": 59.95588430816332,
          "mae_db": 59.17380395402809
        }
      },
      "train_priority_score": 51.123463417447425
    },
    {
      "a2g_params": {
        "los_log_coeff": -20.0,
        "los_bias": 0.0,
        "nlos_bias": -24.0,
        "nlos_amp": 8.0,
        "nlos_tau": 6.0
      },
      "train": {
        "overall": {
          "count": 393216,
          "rmse_db": 35.91557533043653,
          "mae_db": 23.222593205670517
        },
        "LoS": {
          "count": 250864,
          "rmse_db": 3.7476776537217313,
          "mae_db": 2.9988506857750785
        },
        "NLoS": {
          "count": 142352,
          "rmse_db": 59.48438215885017,
          "mae_db": 58.86247861317011
        }
      },
      "val": {
        "overall": {
          "count": 262144,
          "rmse_db": 34.25764114006447,
          "mae_db": 21.227002177387476
        },
        "LoS": {
          "count": 177279,
          "rmse_db": 3.811859897092755,
          "mae_db": 3.061240906619342
        },
        "NLoS": {
          "count": 84865,
          "rmse_db": 59.95664190530233,
          "mae_db": 59.17442497136997
        }
      },