{
  "hybrid_two_ray_cost231": {
    "overall": {
      "count": 485380287,
      "rmse_db": 67.22634299427189,
      "mae_db": 37.4753511959299
    },
    "LoS": {
      "count": 329805515,
      "rmse_db": 3.8156462950840635,
      "mae_db": 3.0505622346628414
    },
    "NLoS": {
      "count": 155574772,
      "rmse_db": 118.61377423262941,
      "mae_db": 110.45302691278887
    }
  },
  "hybrid_two_ray_cost231_a2g_nlos": {
    "overall": {
      "count": 485380287,
      "rmse_db": 67.22591906908715,
      "mae_db": 37.47505084895681
    },
    "LoS": {
      "count": 329805515,
      "rmse_db": 3.815646297252269,
      "mae_db": 3.0505623197120033
    },
    "NLoS": {
      "count": 155574772,
      "rmse_db": 118.61302456159177,
      "mae_db": 110.45208970086578
    }
  },
  "a2g_paper_eq9_eq10_eq11": {
    "overall": {
      "count": 485380287,
      "rmse_db": 37.02638378710089,
      "mae_db": 22.477757180216923
    },
    "LoS": {
      "count": 329805515,
      "rmse_db": 3.8223673039844734,
      "mae_db": 3.086454882033093
    },
    "NLoS": {
      "count": 155574772,
      "rmse_db": 65.16353323453626,
      "mae_db": 63.585697243800446
    }
  }
}