checkpoint,checkpoint_path,output_stride,conv_up4_transpose,sample_count,ground_rmse_db,los_rmse_db,nlos_rmse_db,ground_rmse_norm,los_rmse_norm,nlos_rmse_norm
model_0.00008.pt,C:\TFG\TFGpractice\weird_tries\model_0.00008.pt,8,False,8,84.31145253344927,96.29213754582229,47.05858175765572,0.4683969585191626,0.5349563196990127,0.26143656532030957
USC_16H_16W.pt,C:\TFG\TFGpractice\weird_tries\USC_16H_16W.pt,16,True,8,67.1395395963127,37.78664612508008,107.11539386665882,0.3729974422017372,0.20992581180600045,0.5950855214814379
