{
  "epoch": 1,
  "step": 3025,
  "total_steps": 6900,
  "progress_fraction": 0.4384057971014493,
  "elapsed_seconds": 4549.739797768998,
  "train_batches_per_second": 0.664873187139918,
  "seconds_per_train_batch": 1.5040462141385118,
  "generator_loss_running": 0.3615319795647928,
  "train_rmse_physical_running": 36.62145586533563,
  "train_rmse_physical_quantized_u8_running": 36.62210916889557,
  "learning_rate": 0.00013206,
  "generator_objective": "full_map_rmse_only",
  "loss_components_running": {
    "final_loss": 0.0,
    "residual_loss": 0.0,
    "multiscale_loss": 0.0,
    "gate_loss": 0.0,
    "gan_loss": 0.0,
    "nlos_focus_loss": 0.3030391315783351,
    "pde_loss": 0.032975551661196326,
    "term_final": 0.0,
    "term_residual": 0.0,
    "term_multiscale": 0.021168426350297885,
    "term_gate": 0.0,
    "term_gan": 0.0,
    "term_nlos_focus": 0.07575978289458378,
    "term_pde": 0.0003297555091714367,
    "generator_loss_total": 0.3615319795647928
  }
}