{
  "epoch": 140,
  "step": 51,
  "total_steps": 51,
  "progress_fraction": 1.0,
  "elapsed_seconds": 25.20203999898513,
  "train_batches_per_second": 2.0236457049530014,
  "seconds_per_train_batch": 0.49415764703892406,
  "generator_loss_running": 0.07469852177389696,
  "no_data_loss_running": 0.0002389801234219739,
  "train_rmse_physical_running": 14.129362882071673,
  "train_rmse_physical_quantized_u8_running": 14.1308663926087,
  "learning_rate": 0.0003,
  "generator_objective": "full_map_rmse_only"
}